g_mm,gc_mm,v_m_s,k_graphite,budget_K,peaking,q_allowed_MW_m3,fuel_fraction,V_fuel_m3,P_core_MW,heat_flux_face_kW_m2,dT_fuel_K,dT_graphite_K,dT_film_K,frac_fuel,frac_graphite,frac_film,dominant,Re,Nu,h_W_m2K,regime,dP_per_m_kPa,dP_per_m_pads_x2_kPa,dP_core_kPa,coolant_rise_across_core_K
1,3,0.5,30,50,3.2,93.71,0.066141,0.22488,6.5854,46.855,11.156,7.8092,31.035,0.22312,0.15618,0.6207,film,696.86,8.235,1509.8,laminar,5.7024,11.405,9.2949,5.2699
1,3,0.5,30,50,1.5,93.71,0.066141,0.22488,14.049,46.855,11.156,7.8092,31.035,0.22312,0.15618,0.6207,film,696.86,8.235,1509.8,laminar,5.7024,11.405,9.2949,11.242
1,3,0.5,30,100,3.2,187.42,0.066141,0.22488,13.171,93.71,22.312,15.618,62.07,0.22312,0.15618,0.6207,film,696.86,8.235,1509.8,laminar,5.7024,11.405,9.2949,10.54
1,3,0.5,30,100,1.5,187.42,0.066141,0.22488,28.098,93.71,22.312,15.618,62.07,0.22312,0.15618,0.6207,film,696.86,8.235,1509.8,laminar,5.7024,11.405,9.2949,22.485
1.5,3,0.5,30,50,3.2,56.203,0.09579,0.32569,5.7202,42.152,15.054,7.0254,27.92,0.30109,0.14051,0.5584,film,696.86,8.235,1509.8,laminar,5.7024,11.405,9.2949,4.741
1.5,3,0.5,30,50,1.5,56.203,0.09579,0.32569,12.203,42.152,15.054,7.0254,27.92,0.30109,0.14051,0.5584,film,696.86,8.235,1509.8,laminar,5.7024,11.405,9.2949,10.114
1.5,3,0.5,30,100,3.2,112.41,0.09579,0.32569,11.44,84.305,30.109,14.051,55.84,0.30109,0.14051,0.5584,film,696.86,8.235,1509.8,laminar,5.7024,11.405,9.2949,9.482
1.5,3,0.5,30,100,1.5,112.41,0.09579,0.32569,24.406,84.305,30.109,14.051,55.84,0.30109,0.14051,0.5584,film,696.86,8.235,1509.8,laminar,5.7024,11.405,9.2949,20.228
2,3,0.5,30,50,3.2,38.308,0.12346,0.41977,5.0252,38.308,18.242,6.3846,25.374,0.36484,0.12769,0.50747,film,696.86,8.235,1509.8,laminar,5.7024,11.405,9.2949,4.3086
2,3,0.5,30,50,1.5,38.308,0.12346,0.41977,10.72,38.308,18.242,6.3846,25.374,0.36484,0.12769,0.50747,film,696.86,8.235,1509.8,laminar,5.7024,11.405,9.2949,9.1916
2,3,0.5,30,100,3.2,76.616,0.12346,0.41977,10.05,76.616,36.484,12.769,50.747,0.36484,0.12769,0.50747,film,696.86,8.235,1509.8,laminar,5.7024,11.405,9.2949,8.6171
2,3,0.5,30,100,1.5,76.616,0.12346,0.41977,21.441,76.616,36.484,12.769,50.747,0.36484,0.12769,0.50747,film,696.86,8.235,1509.8,laminar,5.7024,11.405,9.2949,18.383
3,3,0.5,30,50,3.2,21.599,0.17362,0.5903,3.9843,32.398,23.141,5.3996,21.459,0.46283,0.10799,0.42918,fuel,696.86,8.235,1509.8,laminar,5.7024,11.405,9.2949,3.6439
3,3,0.5,30,50,1.5,21.599,0.17362,0.5903,8.4998,32.398,23.141,5.3996,21.459,0.46283,0.10799,0.42918,fuel,696.86,8.235,1509.8,laminar,5.7024,11.405,9.2949,7.7736
3,3,0.5,30,100,3.2,43.197,0.17362,0.5903,7.9686,64.796,46.283,10.799,42.918,0.46283,0.10799,0.42918,fuel,696.86,8.235,1509.8,laminar,5.7024,11.405,9.2949,7.2877
3,3,0.5,30,100,1.5,43.197,0.17362,0.5903,17,64.796,46.283,10.799,42.918,0.46283,0.10799,0.42918,fuel,696.86,8.235,1509.8,laminar,5.7024,11.405,9.2949,15.547
4,3,0.5,30,50,3.2,14.034,0.21787,0.74077,3.2487,28.068,26.731,4.6779,18.591,0.53462,0.093559,0.37182,fuel,696.86,8.235,1509.8,laminar,5.7024,11.405,9.2949,3.1568
4,3,0.5,30,50,1.5,14.034,0.21787,0.74077,6.9306,28.068,26.731,4.6779,18.591,0.53462,0.093559,0.37182,fuel,696.86,8.235,1509.8,laminar,5.7024,11.405,9.2949,6.7346
4,3,0.5,30,100,3.2,28.068,0.21787,0.74077,6.4974,56.135,53.462,9.3559,37.182,0.53462,0.093559,0.37182,fuel,696.86,8.235,1509.8,laminar,5.7024,11.405,9.2949,6.3137
4,3,0.5,30,100,1.5,28.068,0.21787,0.74077,13.861,56.135,53.462,9.3559,37.182,0.53462,0.093559,0.37182,fuel,696.86,8.235,1509.8,laminar,5.7024,11.405,9.2949,13.469
5,3,0.5,30,50,3.2,9.9034,0.25721,0.87452,2.7065,24.759,29.474,4.1264,16.399,0.58949,0.082529,0.32798,fuel,696.86,8.235,1509.8,laminar,5.7024,11.405,9.2949,2.7847
5,3,0.5,30,50,1.5,9.9034,0.25721,0.87452,5.7739,24.759,29.474,4.1264,16.399,0.58949,0.082529,0.32798,fuel,696.86,8.235,1509.8,laminar,5.7024,11.405,9.2949,5.9406
5,3,0.5,30,100,3.2,19.807,0.25721,0.87452,5.413,49.517,58.949,8.2529,32.798,0.58949,0.082529,0.32798,fuel,696.86,8.235,1509.8,laminar,5.7024,11.405,9.2949,5.5693
5,3,0.5,30,100,1.5,19.807,0.25721,0.87452,11.548,49.517,58.949,8.2529,32.798,0.58949,0.082529,0.32798,fuel,696.86,8.235,1509.8,laminar,5.7024,11.405,9.2949,11.881
6,3,0.5,30,50,3.2,7.3825,0.29241,0.9942,2.2936,22.147,31.639,3.6912,14.67,0.63278,0.073825,0.29339,fuel,696.86,8.235,1509.8,laminar,5.7024,11.405,9.2949,2.491
6,3,0.5,30,50,1.5,7.3825,0.29241,0.9942,4.8931,22.147,31.639,3.6912,14.67,0.63278,0.073825,0.29339,fuel,696.86,8.235,1509.8,laminar,5.7024,11.405,9.2949,5.3141
6,3,0.5,30,100,3.2,14.765,0.29241,0.9942,4.5873,44.295,63.278,7.3825,29.339,0.63278,0.073825,0.29339,fuel,696.86,8.235,1509.8,laminar,5.7024,11.405,9.2949,4.9819
6,3,0.5,30,100,1.5,14.765,0.29241,0.9942,9.7862,44.295,63.278,7.3825,29.339,0.63278,0.073825,0.29339,fuel,696.86,8.235,1509.8,laminar,5.7024,11.405,9.2949,10.628
8,3,0.5,30,50,3.2,4.5724,0.35275,1.1993,1.7137,18.29,34.837,3.0483,12.114,0.69675,0.060965,0.24229,fuel,696.86,8.235,1509.8,laminar,5.7024,11.405,9.2949,2.0571
8,3,0.5,30,50,1.5,4.5724,0.35275,1.1993,3.6559,18.29,34.837,3.0483,12.114,0.69675,0.060965,0.24229,fuel,696.86,8.235,1509.8,laminar,5.7024,11.405,9.2949,4.3884
8,3,0.5,30,100,3.2,9.1448,0.35275,1.1993,3.4274,36.579,69.675,6.0965,24.229,0.69675,0.060965,0.24229,fuel,696.86,8.235,1509.8,laminar,5.7024,11.405,9.2949,4.1142
8,3,0.5,30,100,1.5,9.1448,0.35275,1.1993,7.3119,36.579,69.675,6.0965,24.229,0.69675,0.060965,0.24229,fuel,696.86,8.235,1509.8,laminar,5.7024,11.405,9.2949,8.7769
10,3,0.5,30,50,3.2,3.1153,0.40259,1.3688,1.3326,15.576,37.087,2.5961,10.317,0.74173,0.051921,0.20634,fuel,696.86,8.235,1509.8,laminar,5.7024,11.405,9.2949,1.7519
10,3,0.5,30,50,1.5,3.1153,0.40259,1.3688,2.8428,15.576,37.087,2.5961,10.317,0.74173,0.051921,0.20634,fuel,696.86,8.235,1509.8,laminar,5.7024,11.405,9.2949,3.7374
10,3,0.5,30,100,3.2,6.2306,0.40259,1.3688,2.6652,31.153,74.173,5.1921,20.634,0.74173,0.051921,0.20634,fuel,696.86,8.235,1509.8,laminar,5.7024,11.405,9.2949,3.5038
10,3,0.5,30,100,1.5,6.2306,0.40259,1.3688,5.6857,31.153,74.173,5.1921,20.634,0.74173,0.051921,0.20634,fuel,696.86,8.235,1509.8,laminar,5.7024,11.405,9.2949,7.4748
1,3,0.5,15,50,3.2,81.051,0.066141,0.22488,5.6958,40.526,9.6489,13.509,26.843,0.19298,0.27017,0.53685,film,696.86,8.235,1509.8,laminar,5.7024,11.405,9.2949,4.558
1,3,0.5,15,50,1.5,81.051,0.066141,0.22488,12.151,40.526,9.6489,13.509,26.843,0.19298,0.27017,0.53685,film,696.86,8.235,1509.8,laminar,5.7024,11.405,9.2949,9.7237
1,3,0.5,15,100,3.2,162.1,0.066141,0.22488,11.392,81.051,19.298,27.017,53.685,0.19298,0.27017,0.53685,film,696.86,8.235,1509.8,laminar,5.7024,11.405,9.2949,9.116
1,3,0.5,15,100,1.5,162.1,0.066141,0.22488,24.302,81.051,19.298,27.017,53.685,0.19298,0.27017,0.53685,film,696.86,8.235,1509.8,laminar,5.7024,11.405,9.2949,19.447
1.5,3,0.5,15,50,3.2,49.279,0.09579,0.32569,5.0155,36.959,13.2,12.32,24.48,0.264,0.2464,0.48961,film,696.86,8.235,1509.8,laminar,5.7024,11.405,9.2949,4.1569
1.5,3,0.5,15,50,1.5,49.279,0.09579,0.32569,10.7,36.959,13.2,12.32,24.48,0.264,0.2464,0.48961,film,696.86,8.235,1509.8,laminar,5.7024,11.405,9.2949,8.8681
1.5,3,0.5,15,100,3.2,98.558,0.09579,0.32569,10.031,73.919,26.4,24.64,48.961,0.264,0.2464,0.48961,film,696.86,8.235,1509.8,laminar,5.7024,11.405,9.2949,8.3138
1.5,3,0.5,15,100,1.5,98.558,0.09579,0.32569,21.399,73.919,26.4,24.64,48.961,0.264,0.2464,0.48961,film,696.86,8.235,1509.8,laminar,5.7024,11.405,9.2949,17.736
2,3,0.5,15,50,3.2,33.97,0.12346,0.41977,4.4561,33.97,16.176,11.323,22.5,0.32352,0.22647,0.45001,film,696.86,8.235,1509.8,laminar,5.7024,11.405,9.2949,3.8207
2,3,0.5,15,50,1.5,33.97,0.12346,0.41977,9.5064,33.97,16.176,11.323,22.5,0.32352,0.22647,0.45001,film,696.86,8.235,1509.8,laminar,5.7024,11.405,9.2949,8.1508
2,3,0.5,15,100,3.2,67.94,0.12346,0.41977,8.9123,67.94,32.352,22.647,45.001,0.32352,0.22647,0.45001,film,696.86,8.235,1509.8,laminar,5.7024,11.405,9.2949,7.6414
2,3,0.5,15,100,1.5,67.94,0.12346,0.41977,19.013,67.94,32.352,22.647,45.001,0.32352,0.22647,0.45001,film,696.86,8.235,1509.8,laminar,5.7024,11.405,9.2949,16.302
3,3,0.5,15,50,3.2,19.493,0.17362,0.5903,3.5959,29.24,20.886,9.7467,19.368,0.41772,0.19493,0.38735,fuel,696.86,8.235,1509.8,laminar,5.7024,11.405,9.2949,3.2887
3,3,0.5,15,50,1.5,19.493,0.17362,0.5903,7.6714,29.24,20.886,9.7467,19.368,0.41772,0.19493,0.38735,fuel,696.86,8.235,1509.8,laminar,5.7024,11.405,9.2949,7.0159
3,3,0.5,15,100,3.2,38.987,0.17362,0.5903,7.1919,58.48,41.772,19.493,38.735,0.41772,0.19493,0.38735,fuel,696.86,8.235,1509.8,laminar,5.7024,11.405,9.2949,6.5774
3,3,0.5,15,100,1.5,38.987,0.17362,0.5903,15.343,58.48,41.772,19.493,38.735,0.41772,0.19493,0.38735,fuel,696.86,8.235,1509.8,laminar,5.7024,11.405,9.2949,14.032
4,3,0.5,15,50,3.2,12.833,0.21787,0.74077,2.9708,25.666,24.444,8.5555,17,0.48888,0.17111,0.34001,fuel,696.86,8.235,1509.8,laminar,5.7024,11.405,9.2949,2.8868
4,3,0.5,15,50,1.5,12.833,0.21787,0.74077,6.3377,25.666,24.444,8.5555,17,0.48888,0.17111,0.34001,fuel,696.86,8.235,1509.8,laminar,5.7024,11.405,9.2949,6.1584
4,3,0.5,15,100,3.2,25.666,0.21787,0.74077,5.9416,51.333,48.888,17.111,34.001,0.48888,0.17111,0.34001,fuel,696.86,8.235,1509.8,laminar,5.7024,11.405,9.2949,5.7735
4,3,0.5,15,100,1.5,25.666,0.21787,0.74077,12.675,51.333,48.888,17.111,34.001,0.48888,0.17111,0.34001,fuel,696.86,8.235,1509.8,laminar,5.7024,11.405,9.2949,12.317
5,3,0.5,15,50,3.2,9.1484,0.25721,0.87452,2.5002,22.871,27.227,7.6237,15.149,0.54455,0.15247,0.30298,fuel,696.86,8.235,1509.8,laminar,5.7024,11.405,9.2949,2.5724
5,3,0.5,15,50,1.5,9.1484,0.25721,0.87452,5.3337,22.871,27.227,7.6237,15.149,0.54455,0.15247,0.30298,fuel,696.86,8.235,1509.8,laminar,5.7024,11.405,9.2949,5.4877
5,3,0.5,15,100,3.2,18.297,0.25721,0.87452,5.0003,45.742,54.455,15.247,30.298,0.54455,0.15247,0.30298,fuel,696.86,8.235,1509.8,laminar,5.7024,11.405,9.2949,5.1447
5,3,0.5,15,100,1.5,18.297,0.25721,0.87452,10.667,45.742,54.455,15.247,30.298,0.54455,0.15247,0.30298,fuel,696.86,8.235,1509.8,laminar,5.7024,11.405,9.2949,10.975
6,3,0.5,15,50,3.2,6.8749,0.29241,0.9942,2.1359,20.625,29.464,6.8749,13.661,0.58928,0.1375,0.27322,fuel,696.86,8.235,1509.8,laminar,5.7024,11.405,9.2949,2.3197
6,3,0.5,15,50,1.5,6.8749,0.29241,0.9942,4.5567,20.625,29.464,6.8749,13.661,0.58928,0.1375,0.27322,fuel,696.86,8.235,1509.8,laminar,5.7024,11.405,9.2949,4.9487
6,3,0.5,15,100,3.2,13.75,0.29241,0.9942,4.2719,41.25,58.928,13.75,27.322,0.58928,0.1375,0.27322,fuel,696.86,8.235,1509.8,laminar,5.7024,11.405,9.2949,4.6394
6,3,0.5,15,100,1.5,13.75,0.29241,0.9942,9.1134,41.25,58.928,13.75,27.322,0.58928,0.1375,0.27322,fuel,696.86,8.235,1509.8,laminar,5.7024,11.405,9.2949,9.8975
8,3,0.5,15,50,3.2,4.3097,0.35275,1.1993,1.6152,17.239,32.836,5.7462,11.418,0.65671,0.11492,0.22836,fuel,696.86,8.235,1509.8,laminar,5.7024,11.405,9.2949,1.9389
8,3,0.5,15,50,1.5,4.3097,0.35275,1.1993,3.4459,17.239,32.836,5.7462,11.418,0.65671,0.11492,0.22836,fuel,696.86,8.235,1509.8,laminar,5.7024,11.405,9.2949,4.1363
8,3,0.5,15,100,3.2,8.6193,0.35275,1.1993,3.2305,34.477,65.671,11.492,22.836,0.65671,0.11492,0.22836,fuel,696.86,8.235,1509.8,laminar,5.7024,11.405,9.2949,3.8777
8,3,0.5,15,100,1.5,8.6193,0.35275,1.1993,6.8917,34.477,65.671,11.492,22.836,0.65671,0.11492,0.22836,fuel,696.86,8.235,1509.8,laminar,5.7024,11.405,9.2949,8.2725
10,3,0.5,15,50,3.2,2.9615,0.40259,1.3688,1.2668,14.808,35.256,4.9359,9.808,0.70512,0.098717,0.19616,fuel,696.86,8.235,1509.8,laminar,5.7024,11.405,9.2949,1.6654
10,3,0.5,15,50,1.5,2.9615,0.40259,1.3688,2.7025,14.808,35.256,4.9359,9.808,0.70512,0.098717,0.19616,fuel,696.86,8.235,1509.8,laminar,5.7024,11.405,9.2949,3.5529
10,3,0.5,15,100,3.2,5.923,0.40259,1.3688,2.5336,29.615,70.512,9.8717,19.616,0.70512,0.098717,0.19616,fuel,696.86,8.235,1509.8,laminar,5.7024,11.405,9.2949,3.3309
10,3,0.5,15,100,1.5,5.923,0.40259,1.3688,5.4051,29.615,70.512,9.8717,19.616,0.70512,0.098717,0.19616,fuel,696.86,8.235,1509.8,laminar,5.7024,11.405,9.2949,7.1059
1,3,1,30,50,3.2,93.71,0.066141,0.22488,6.5854,46.855,11.156,7.8092,31.035,0.22312,0.15618,0.6207,film,1393.7,8.235,1509.8,laminar,11.405,22.81,18.59,2.6349
1,3,1,30,50,1.5,93.71,0.066141,0.22488,14.049,46.855,11.156,7.8092,31.035,0.22312,0.15618,0.6207,film,1393.7,8.235,1509.8,laminar,11.405,22.81,18.59,5.6212
1,3,1,30,100,3.2,187.42,0.066141,0.22488,13.171,93.71,22.312,15.618,62.07,0.22312,0.15618,0.6207,film,1393.7,8.235,1509.8,laminar,11.405,22.81,18.59,5.2699
1,3,1,30,100,1.5,187.42,0.066141,0.22488,28.098,93.71,22.312,15.618,62.07,0.22312,0.15618,0.6207,film,1393.7,8.235,1509.8,laminar,11.405,22.81,18.59,11.242
1.5,3,1,30,50,3.2,56.203,0.09579,0.32569,5.7202,42.152,15.054,7.0254,27.92,0.30109,0.14051,0.5584,film,1393.7,8.235,1509.8,laminar,11.405,22.81,18.59,2.3705
1.5,3,1,30,50,1.5,56.203,0.09579,0.32569,12.203,42.152,15.054,7.0254,27.92,0.30109,0.14051,0.5584,film,1393.7,8.235,1509.8,laminar,11.405,22.81,18.59,5.057
1.5,3,1,30,100,3.2,112.41,0.09579,0.32569,11.44,84.305,30.109,14.051,55.84,0.30109,0.14051,0.5584,film,1393.7,8.235,1509.8,laminar,11.405,22.81,18.59,4.741
1.5,3,1,30,100,1.5,112.41,0.09579,0.32569,24.406,84.305,30.109,14.051,55.84,0.30109,0.14051,0.5584,film,1393.7,8.235,1509.8,laminar,11.405,22.81,18.59,10.114
2,3,1,30,50,3.2,38.308,0.12346,0.41977,5.0252,38.308,18.242,6.3846,25.374,0.36484,0.12769,0.50747,film,1393.7,8.235,1509.8,laminar,11.405,22.81,18.59,2.1543
2,3,1,30,50,1.5,38.308,0.12346,0.41977,10.72,38.308,18.242,6.3846,25.374,0.36484,0.12769,0.50747,film,1393.7,8.235,1509.8,laminar,11.405,22.81,18.59,4.5958
2,3,1,30,100,3.2,76.616,0.12346,0.41977,10.05,76.616,36.484,12.769,50.747,0.36484,0.12769,0.50747,film,1393.7,8.235,1509.8,laminar,11.405,22.81,18.59,4.3086
2,3,1,30,100,1.5,76.616,0.12346,0.41977,21.441,76.616,36.484,12.769,50.747,0.36484,0.12769,0.50747,film,1393.7,8.235,1509.8,laminar,11.405,22.81,18.59,9.1916
3,3,1,30,50,3.2,21.599,0.17362,0.5903,3.9843,32.398,23.141,5.3996,21.459,0.46283,0.10799,0.42918,fuel,1393.7,8.235,1509.8,laminar,11.405,22.81,18.59,1.8219
3,3,1,30,50,1.5,21.599,0.17362,0.5903,8.4998,32.398,23.141,5.3996,21.459,0.46283,0.10799,0.42918,fuel,1393.7,8.235,1509.8,laminar,11.405,22.81,18.59,3.8868
3,3,1,30,100,3.2,43.197,0.17362,0.5903,7.9686,64.796,46.283,10.799,42.918,0.46283,0.10799,0.42918,fuel,1393.7,8.235,1509.8,laminar,11.405,22.81,18.59,3.6439
3,3,1,30,100,1.5,43.197,0.17362,0.5903,17,64.796,46.283,10.799,42.918,0.46283,0.10799,0.42918,fuel,1393.7,8.235,1509.8,laminar,11.405,22.81,18.59,7.7736
4,3,1,30,50,3.2,14.034,0.21787,0.74077,3.2487,28.068,26.731,4.6779,18.591,0.53462,0.093559,0.37182,fuel,1393.7,8.235,1509.8,laminar,11.405,22.81,18.59,1.5784
4,3,1,30,50,1.5,14.034,0.21787,0.74077,6.9306,28.068,26.731,4.6779,18.591,0.53462,0.093559,0.37182,fuel,1393.7,8.235,1509.8,laminar,11.405,22.81,18.59,3.3673
4,3,1,30,100,3.2,28.068,0.21787,0.74077,6.4974,56.135,53.462,9.3559,37.182,0.53462,0.093559,0.37182,fuel,1393.7,8.235,1509.8,laminar,11.405,22.81,18.59,3.1568
4,3,1,30,100,1.5,28.068,0.21787,0.74077,13.861,56.135,53.462,9.3559,37.182,0.53462,0.093559,0.37182,fuel,1393.7,8.235,1509.8,laminar,11.405,22.81,18.59,6.7346
5,3,1,30,50,3.2,9.9034,0.25721,0.87452,2.7065,24.759,29.474,4.1264,16.399,0.58949,0.082529,0.32798,fuel,1393.7,8.235,1509.8,laminar,11.405,22.81,18.59,1.3923
5,3,1,30,50,1.5,9.9034,0.25721,0.87452,5.7739,24.759,29.474,4.1264,16.399,0.58949,0.082529,0.32798,fuel,1393.7,8.235,1509.8,laminar,11.405,22.81,18.59,2.9703
5,3,1,30,100,3.2,19.807,0.25721,0.87452,5.413,49.517,58.949,8.2529,32.798,0.58949,0.082529,0.32798,fuel,1393.7,8.235,1509.8,laminar,11.405,22.81,18.59,2.7847
5,3,1,30,100,1.5,19.807,0.25721,0.87452,11.548,49.517,58.949,8.2529,32.798,0.58949,0.082529,0.32798,fuel,1393.7,8.235,1509.8,laminar,11.405,22.81,18.59,5.9406
6,3,1,30,50,3.2,7.3825,0.29241,0.9942,2.2936,22.147,31.639,3.6912,14.67,0.63278,0.073825,0.29339,fuel,1393.7,8.235,1509.8,laminar,11.405,22.81,18.59,1.2455
6,3,1,30,50,1.5,7.3825,0.29241,0.9942,4.8931,22.147,31.639,3.6912,14.67,0.63278,0.073825,0.29339,fuel,1393.7,8.235,1509.8,laminar,11.405,22.81,18.59,2.657
6,3,1,30,100,3.2,14.765,0.29241,0.9942,4.5873,44.295,63.278,7.3825,29.339,0.63278,0.073825,0.29339,fuel,1393.7,8.235,1509.8,laminar,11.405,22.81,18.59,2.491
6,3,1,30,100,1.5,14.765,0.29241,0.9942,9.7862,44.295,63.278,7.3825,29.339,0.63278,0.073825,0.29339,fuel,1393.7,8.235,1509.8,laminar,11.405,22.81,18.59,5.3141
8,3,1,30,50,3.2,4.5724,0.35275,1.1993,1.7137,18.29,34.837,3.0483,12.114,0.69675,0.060965,0.24229,fuel,1393.7,8.235,1509.8,laminar,11.405,22.81,18.59,1.0285
8,3,1,30,50,1.5,4.5724,0.35275,1.1993,3.6559,18.29,34.837,3.0483,12.114,0.69675,0.060965,0.24229,fuel,1393.7,8.235,1509.8,laminar,11.405,22.81,18.59,2.1942
8,3,1,30,100,3.2,9.1448,0.35275,1.1993,3.4274,36.579,69.675,6.0965,24.229,0.69675,0.060965,0.24229,fuel,1393.7,8.235,1509.8,laminar,11.405,22.81,18.59,2.0571
8,3,1,30,100,1.5,9.1448,0.35275,1.1993,7.3119,36.579,69.675,6.0965,24.229,0.69675,0.060965,0.24229,fuel,1393.7,8.235,1509.8,laminar,11.405,22.81,18.59,4.3884
10,3,1,30,50,3.2,3.1153,0.40259,1.3688,1.3326,15.576,37.087,2.5961,10.317,0.74173,0.051921,0.20634,fuel,1393.7,8.235,1509.8,laminar,11.405,22.81,18.59,0.87596
10,3,1,30,50,1.5,3.1153,0.40259,1.3688,2.8428,15.576,37.087,2.5961,10.317,0.74173,0.051921,0.20634,fuel,1393.7,8.235,1509.8,laminar,11.405,22.81,18.59,1.8687
10,3,1,30,100,3.2,6.2306,0.40259,1.3688,2.6652,31.153,74.173,5.1921,20.634,0.74173,0.051921,0.20634,fuel,1393.7,8.235,1509.8,laminar,11.405,22.81,18.59,1.7519
10,3,1,30,100,1.5,6.2306,0.40259,1.3688,5.6857,31.153,74.173,5.1921,20.634,0.74173,0.051921,0.20634,fuel,1393.7,8.235,1509.8,laminar,11.405,22.81,18.59,3.7374
1,3,1,15,50,3.2,81.051,0.066141,0.22488,5.6958,40.526,9.6489,13.509,26.843,0.19298,0.27017,0.53685,film,1393.7,8.235,1509.8,laminar,11.405,22.81,18.59,2.279
1,3,1,15,50,1.5,81.051,0.066141,0.22488,12.151,40.526,9.6489,13.509,26.843,0.19298,0.27017,0.53685,film,1393.7,8.235,1509.8,laminar,11.405,22.81,18.59,4.8619
1,3,1,15,100,3.2,162.1,0.066141,0.22488,11.392,81.051,19.298,27.017,53.685,0.19298,0.27017,0.53685,film,1393.7,8.235,1509.8,laminar,11.405,22.81,18.59,4.558
1,3,1,15,100,1.5,162.1,0.066141,0.22488,24.302,81.051,19.298,27.017,53.685,0.19298,0.27017,0.53685,film,1393.7,8.235,1509.8,laminar,11.405,22.81,18.59,9.7237
1.5,3,1,15,50,3.2,49.279,0.09579,0.32569,5.0155,36.959,13.2,12.32,24.48,0.264,0.2464,0.48961,film,1393.7,8.235,1509.8,laminar,11.405,22.81,18.59,2.0785
1.5,3,1,15,50,1.5,49.279,0.09579,0.32569,10.7,36.959,13.2,12.32,24.48,0.264,0.2464,0.48961,film,1393.7,8.235,1509.8,laminar,11.405,22.81,18.59,4.434
1.5,3,1,15,100,3.2,98.558,0.09579,0.32569,10.031,73.919,26.4,24.64,48.961,0.264,0.2464,0.48961,film,1393.7,8.235,1509.8,laminar,11.405,22.81,18.59,4.1569
1.5,3,1,15,100,1.5,98.558,0.09579,0.32569,21.399,73.919,26.4,24.64,48.961,0.264,0.2464,0.48961,film,1393.7,8.235,1509.8,laminar,11.405,22.81,18.59,8.8681
2,3,1,15,50,3.2,33.97,0.12346,0.41977,4.4561,33.97,16.176,11.323,22.5,0.32352,0.22647,0.45001,film,1393.7,8.235,1509.8,laminar,11.405,22.81,18.59,1.9103
2,3,1,15,50,1.5,33.97,0.12346,0.41977,9.5064,33.97,16.176,11.323,22.5,0.32352,0.22647,0.45001,film,1393.7,8.235,1509.8,laminar,11.405,22.81,18.59,4.0754
2,3,1,15,100,3.2,67.94,0.12346,0.41977,8.9123,67.94,32.352,22.647,45.001,0.32352,0.22647,0.45001,film,1393.7,8.235,1509.8,laminar,11.405,22.81,18.59,3.8207
2,3,1,15,100,1.5,67.94,0.12346,0.41977,19.013,67.94,32.352,22.647,45.001,0.32352,0.22647,0.45001,film,1393.7,8.235,1509.8,laminar,11.405,22.81,18.59,8.1508
3,3,1,15,50,3.2,19.493,0.17362,0.5903,3.5959,29.24,20.886,9.7467,19.368,0.41772,0.19493,0.38735,fuel,1393.7,8.235,1509.8,laminar,11.405,22.81,18.59,1.6444
3,3,1,15,50,1.5,19.493,0.17362,0.5903,7.6714,29.24,20.886,9.7467,19.368,0.41772,0.19493,0.38735,fuel,1393.7,8.235,1509.8,laminar,11.405,22.81,18.59,3.5079
3,3,1,15,100,3.2,38.987,0.17362,0.5903,7.1919,58.48,41.772,19.493,38.735,0.41772,0.19493,0.38735,fuel,1393.7,8.235,1509.8,laminar,11.405,22.81,18.59,3.2887
3,3,1,15,100,1.5,38.987,0.17362,0.5903,15.343,58.48,41.772,19.493,38.735,0.41772,0.19493,0.38735,fuel,1393.7,8.235,1509.8,laminar,11.405,22.81,18.59,7.0159
4,3,1,15,50,3.2,12.833,0.21787,0.74077,2.9708,25.666,24.444,8.5555,17,0.48888,0.17111,0.34001,fuel,1393.7,8.235,1509.8,laminar,11.405,22.81,18.59,1.4434
4,3,1,15,50,1.5,12.833,0.21787,0.74077,6.3377,25.666,24.444,8.5555,17,0.48888,0.17111,0.34001,fuel,1393.7,8.235,1509.8,laminar,11.405,22.81,18.59,3.0792
4,3,1,15,100,3.2,25.666,0.21787,0.74077,5.9416,51.333,48.888,17.111,34.001,0.48888,0.17111,0.34001,fuel,1393.7,8.235,1509.8,laminar,11.405,22.81,18.59,2.8868
4,3,1,15,100,1.5,25.666,0.21787,0.74077,12.675,51.333,48.888,17.111,34.001,0.48888,0.17111,0.34001,fuel,1393.7,8.235,1509.8,laminar,11.405,22.81,18.59,6.1584
5,3,1,15,50,3.2,9.1484,0.25721,0.87452,2.5002,22.871,27.227,7.6237,15.149,0.54455,0.15247,0.30298,fuel,1393.7,8.235,1509.8,laminar,11.405,22.81,18.59,1.2862
5,3,1,15,50,1.5,9.1484,0.25721,0.87452,5.3337,22.871,27.227,7.6237,15.149,0.54455,0.15247,0.30298,fuel,1393.7,8.235,1509.8,laminar,11.405,22.81,18.59,2.7438
5,3,1,15,100,3.2,18.297,0.25721,0.87452,5.0003,45.742,54.455,15.247,30.298,0.54455,0.15247,0.30298,fuel,1393.7,8.235,1509.8,laminar,11.405,22.81,18.59,2.5724
5,3,1,15,100,1.5,18.297,0.25721,0.87452,10.667,45.742,54.455,15.247,30.298,0.54455,0.15247,0.30298,fuel,1393.7,8.235,1509.8,laminar,11.405,22.81,18.59,5.4877
6,3,1,15,50,3.2,6.8749,0.29241,0.9942,2.1359,20.625,29.464,6.8749,13.661,0.58928,0.1375,0.27322,fuel,1393.7,8.235,1509.8,laminar,11.405,22.81,18.59,1.1599
6,3,1,15,50,1.5,6.8749,0.29241,0.9942,4.5567,20.625,29.464,6.8749,13.661,0.58928,0.1375,0.27322,fuel,1393.7,8.235,1509.8,laminar,11.405,22.81,18.59,2.4744
6,3,1,15,100,3.2,13.75,0.29241,0.9942,4.2719,41.25,58.928,13.75,27.322,0.58928,0.1375,0.27322,fuel,1393.7,8.235,1509.8,laminar,11.405,22.81,18.59,2.3197
6,3,1,15,100,1.5,13.75,0.29241,0.9942,9.1134,41.25,58.928,13.75,27.322,0.58928,0.1375,0.27322,fuel,1393.7,8.235,1509.8,laminar,11.405,22.81,18.59,4.9487
8,3,1,15,50,3.2,4.3097,0.35275,1.1993,1.6152,17.239,32.836,5.7462,11.418,0.65671,0.11492,0.22836,fuel,1393.7,8.235,1509.8,laminar,11.405,22.81,18.59,0.96944
8,3,1,15,50,1.5,4.3097,0.35275,1.1993,3.4459,17.239,32.836,5.7462,11.418,0.65671,0.11492,0.22836,fuel,1393.7,8.235,1509.8,laminar,11.405,22.81,18.59,2.0681
8,3,1,15,100,3.2,8.6193,0.35275,1.1993,3.2305,34.477,65.671,11.492,22.836,0.65671,0.11492,0.22836,fuel,1393.7,8.235,1509.8,laminar,11.405,22.81,18.59,1.9389
8,3,1,15,100,1.5,8.6193,0.35275,1.1993,6.8917,34.477,65.671,11.492,22.836,0.65671,0.11492,0.22836,fuel,1393.7,8.235,1509.8,laminar,11.405,22.81,18.59,4.1363
10,3,1,15,50,3.2,2.9615,0.40259,1.3688,1.2668,14.808,35.256,4.9359,9.808,0.70512,0.098717,0.19616,fuel,1393.7,8.235,1509.8,laminar,11.405,22.81,18.59,0.83272
10,3,1,15,50,1.5,2.9615,0.40259,1.3688,2.7025,14.808,35.256,4.9359,9.808,0.70512,0.098717,0.19616,fuel,1393.7,8.235,1509.8,laminar,11.405,22.81,18.59,1.7765
10,3,1,15,100,3.2,5.923,0.40259,1.3688,2.5336,29.615,70.512,9.8717,19.616,0.70512,0.098717,0.19616,fuel,1393.7,8.235,1509.8,laminar,11.405,22.81,18.59,1.6654
10,3,1,15,100,1.5,5.923,0.40259,1.3688,5.4051,29.615,70.512,9.8717,19.616,0.70512,0.098717,0.19616,fuel,1393.7,8.235,1509.8,laminar,11.405,22.81,18.59,3.5529
1,3,2,30,50,3.2,158.86,0.066141,0.22488,11.164,79.432,18.912,13.239,17.849,0.37825,0.26477,0.35698,fuel,2787.5,24.274,4450.2,transitional (blend),29.406,58.811,47.931,2.2335
1,3,2,30,50,1.5,158.86,0.066141,0.22488,23.817,79.432,18.912,13.239,17.849,0.37825,0.26477,0.35698,fuel,2787.5,24.274,4450.2,transitional (blend),29.406,58.811,47.931,4.7647
1,3,2,30,100,3.2,317.73,0.066141,0.22488,22.328,158.86,37.825,26.477,35.698,0.37825,0.26477,0.35698,fuel,2787.5,24.274,4450.2,transitional (blend),29.406,58.811,47.931,4.467
1,3,2,30,100,1.5,317.73,0.066141,0.22488,47.633,158.86,37.825,26.477,35.698,0.37825,0.26477,0.35698,fuel,2787.5,24.274,4450.2,transitional (blend),29.406,58.811,47.931,9.5295
1.5,3,2,30,50,3.2,89.065,0.09579,0.32569,9.0647,66.799,23.857,11.133,15.01,0.47713,0.22266,0.3002,fuel,2787.5,24.274,4450.2,transitional (blend),29.406,58.811,47.931,1.8783
1.5,3,2,30,50,1.5,89.065,0.09579,0.32569,19.338,66.799,23.857,11.133,15.01,0.47713,0.22266,0.3002,fuel,2787.5,24.274,4450.2,transitional (blend),29.406,58.811,47.931,4.0069
1.5,3,2,30,100,3.2,178.13,0.09579,0.32569,18.129,133.6,47.713,22.266,30.02,0.47713,0.22266,0.3002,fuel,2787.5,24.274,4450.2,transitional (blend),29.406,58.811,47.931,3.7565
1.5,3,2,30,100,1.5,178.13,0.09579,0.32569,38.676,133.6,47.713,22.266,30.02,0.47713,0.22266,0.3002,fuel,2787.5,24.274,4450.2,transitional (blend),29.406,58.811,47.931,8.0139
2,3,2,30,50,3.2,57.633,0.12346,0.41977,7.5602,57.633,27.444,9.6054,12.95,0.54888,0.19211,0.25901,fuel,2787.5,24.274,4450.2,transitional (blend),29.406,58.811,47.931,1.6205
2,3,2,30,50,1.5,57.633,0.12346,0.41977,16.128,57.633,27.444,9.6054,12.95,0.54888,0.19211,0.25901,fuel,2787.5,24.274,4450.2,transitional (blend),29.406,58.811,47.931,3.4571
2,3,2,30,100,3.2,115.27,0.12346,0.41977,15.12,115.27,54.888,19.211,25.901,0.54888,0.19211,0.25901,fuel,2787.5,24.274,4450.2,transitional (blend),29.406,58.811,47.931,3.241
2,3,2,30,100,1.5,115.27,0.12346,0.41977,32.257,115.27,54.888,19.211,25.901,0.54888,0.19211,0.25901,fuel,2787.5,24.274,4450.2,transitional (blend),29.406,58.811,47.931,6.9142
3,3,2,30,50,3.2,30.148,0.17362,0.5903,5.5614,45.222,32.301,7.537,10.162,0.64603,0.15074,0.20323,fuel,2787.5,24.274,4450.2,transitional (blend),29.406,58.811,47.931,1.2716
3,3,2,30,50,1.5,30.148,0.17362,0.5903,11.864,45.222,32.301,7.537,10.162,0.64603,0.15074,0.20323,fuel,2787.5,24.274,4450.2,transitional (blend),29.406,58.811,47.931,2.7126
3,3,2,30,100,3.2,60.296,0.17362,0.5903,11.123,90.444,64.603,15.074,20.323,0.64603,0.15074,0.20323,fuel,2787.5,24.274,4450.2,transitional (blend),29.406,58.811,47.931,2.5431
3,3,2,30,100,1.5,60.296,0.17362,0.5903,23.729,90.444,64.603,15.074,20.323,0.64603,0.15074,0.20323,fuel,2787.5,24.274,4450.2,transitional (blend),29.406,58.811,47.931,5.4253
4,3,2,30,50,3.2,18.605,0.21787,0.74077,4.3068,37.209,35.437,6.2015,8.3612,0.70875,0.12403,0.16722,fuel,2787.5,24.274,4450.2,transitional (blend),29.406,58.811,47.931,1.0463
4,3,2,30,50,1.5,18.605,0.21787,0.74077,9.1879,37.209,35.437,6.2015,8.3612,0.70875,0.12403,0.16722,fuel,2787.5,24.274,4450.2,transitional (blend),29.406,58.811,47.931,2.232
4,3,2,30,100,3.2,37.209,0.21787,0.74077,8.6136,74.418,70.875,12.403,16.722,0.70875,0.12403,0.16722,fuel,2787.5,24.274,4450.2,transitional (blend),29.406,58.811,47.931,2.0925
4,3,2,30,100,1.5,37.209,0.21787,0.74077,18.376,74.418,70.875,12.403,16.722,0.70875,0.12403,0.16722,fuel,2787.5,24.274,4450.2,transitional (blend),29.406,58.811,47.931,4.464
5,3,2,30,50,3.2,12.643,0.25721,0.87452,3.4553,31.609,37.629,5.2681,7.1027,0.75258,0.10536,0.14205,fuel,2787.5,24.274,4450.2,transitional (blend),29.406,58.811,47.931,0.88877
5,3,2,30,50,1.5,12.643,0.25721,0.87452,7.3713,31.609,37.629,5.2681,7.1027,0.75258,0.10536,0.14205,fuel,2787.5,24.274,4450.2,transitional (blend),29.406,58.811,47.931,1.896
5,3,2,30,100,3.2,25.287,0.25721,0.87452,6.9106,63.217,75.258,10.536,14.205,0.75258,0.10536,0.14205,fuel,2787.5,24.274,4450.2,transitional (blend),29.406,58.811,47.931,1.7775
5,3,2,30,100,1.5,25.287,0.25721,0.87452,14.743,63.217,75.258,10.536,14.205,0.75258,0.10536,0.14205,fuel,2787.5,24.274,4450.2,transitional (blend),29.406,58.811,47.931,3.7921
6,3,2,30,50,3.2,9.1578,0.29241,0.9942,2.8452,27.473,39.248,4.5789,6.1734,0.78495,0.091578,0.12347,fuel,2787.5,24.274,4450.2,transitional (blend),29.406,58.811,47.931,0.7725
6,3,2,30,50,1.5,9.1578,0.29241,0.9942,6.0698,27.473,39.248,4.5789,6.1734,0.78495,0.091578,0.12347,fuel,2787.5,24.274,4450.2,transitional (blend),29.406,58.811,47.931,1.648
6,3,2,30,100,3.2,18.316,0.29241,0.9942,5.6904,54.947,78.495,9.1578,12.347,0.78495,0.091578,0.12347,fuel,2787.5,24.274,4450.2,transitional (blend),29.406,58.811,47.931,1.545
6,3,2,30,100,1.5,18.316,0.29241,0.9942,12.14,54.947,78.495,9.1578,12.347,0.78495,0.091578,0.12347,fuel,2787.5,24.274,4450.2,transitional (blend),29.406,58.811,47.931,3.296
8,3,2,30,50,3.2,5.4439,0.35275,1.1993,2.0404,21.776,41.478,3.6293,4.8931,0.82955,0.072586,0.097863,fuel,2787.5,24.274,4450.2,transitional (blend),29.406,58.811,47.931,0.61229
8,3,2,30,50,1.5,5.4439,0.35275,1.1993,4.3528,21.776,41.478,3.6293,4.8931,0.82955,0.072586,0.097863,fuel,2787.5,24.274,4450.2,transitional (blend),29.406,58.811,47.931,1.3062
8,3,2,30,100,3.2,10.888,0.35275,1.1993,4.0807,43.551,82.955,7.2586,9.7863,0.82955,0.072586,0.097863,fuel,2787.5,24.274,4450.2,transitional (blend),29.406,58.811,47.931,1.2246
8,3,2,30,100,1.5,10.888,0.35275,1.1993,8.7056,43.551,82.955,7.2586,9.7863,0.82955,0.072586,0.097863,fuel,2787.5,24.274,4450.2,transitional (blend),29.406,58.811,47.931,2.6124
10,3,2,30,50,3.2,3.6071,0.40259,1.3688,1.543,18.035,42.941,3.0059,4.0527,0.85883,0.060118,0.081053,fuel,2787.5,24.274,4450.2,transitional (blend),29.406,58.811,47.931,0.50712
10,3,2,30,50,1.5,3.6071,0.40259,1.3688,3.2916,18.035,42.941,3.0059,4.0527,0.85883,0.060118,0.081053,fuel,2787.5,24.274,4450.2,transitional (blend),29.406,58.811,47.931,1.0819
10,3,2,30,100,3.2,7.2142,0.40259,1.3688,3.0859,36.071,85.883,6.0118,8.1053,0.85883,0.060118,0.081053,fuel,2787.5,24.274,4450.2,transitional (blend),29.406,58.811,47.931,1.0142
10,3,2,30,100,1.5,7.2142,0.40259,1.3688,6.5833,36.071,85.883,6.0118,8.1053,0.85883,0.060118,0.081053,fuel,2787.5,24.274,4450.2,transitional (blend),29.406,58.811,47.931,2.1637
1,3,2,15,50,3.2,125.61,0.066141,0.22488,8.8269,62.803,14.953,20.934,14.112,0.29906,0.41869,0.28225,graphite,2787.5,24.274,4450.2,transitional (blend),29.406,58.811,47.931,1.7659
1,3,2,15,50,1.5,125.61,0.066141,0.22488,18.831,62.803,14.953,20.934,14.112,0.29906,0.41869,0.28225,graphite,2787.5,24.274,4450.2,transitional (blend),29.406,58.811,47.931,3.7673
1,3,2,15,100,3.2,251.21,0.066141,0.22488,17.654,125.61,29.906,41.869,28.225,0.29906,0.41869,0.28225,graphite,2787.5,24.274,4450.2,transitional (blend),29.406,58.811,47.931,3.5318
1,3,2,15,100,1.5,251.21,0.066141,0.22488,37.662,125.61,29.906,41.869,28.225,0.29906,0.41869,0.28225,graphite,2787.5,24.274,4450.2,transitional (blend),29.406,58.811,47.931,7.5345
1.5,3,2,15,50,3.2,72.845,0.09579,0.32569,7.4139,54.634,19.512,18.211,12.277,0.39024,0.36423,0.24553,fuel,2787.5,24.274,4450.2,transitional (blend),29.406,58.811,47.931,1.5362
1.5,3,2,15,50,1.5,72.845,0.09579,0.32569,15.816,54.634,19.512,18.211,12.277,0.39024,0.36423,0.24553,fuel,2787.5,24.274,4450.2,transitional (blend),29.406,58.811,47.931,3.2772
1.5,3,2,15,100,3.2,145.69,0.09579,0.32569,14.828,109.27,39.024,36.423,24.553,0.39024,0.36423,0.24553,fuel,2787.5,24.274,4450.2,transitional (blend),29.406,58.811,47.931,3.0724
1.5,3,2,15,100,1.5,145.69,0.09579,0.32569,31.633,109.27,39.024,36.423,24.553,0.39024,0.36423,0.24553,fuel,2787.5,24.274,4450.2,transitional (blend),29.406,58.811,47.931,6.5545
2,3,2,15,50,3.2,48.345,0.12346,0.41977,6.3419,48.345,23.021,16.115,10.863,0.46043,0.3223,0.21727,fuel,2787.5,24.274,4450.2,transitional (blend),29.406,58.811,47.931,1.3594
2,3,2,15,50,1.5,48.345,0.12346,0.41977,13.529,48.345,23.021,16.115,10.863,0.46043,0.3223,0.21727,fuel,2787.5,24.274,4450.2,transitional (blend),29.406,58.811,47.931,2.9
2,3,2,15,100,3.2,96.69,0.12346,0.41977,12.684,96.69,46.043,32.23,21.727,0.46043,0.3223,0.21727,fuel,2787.5,24.274,4450.2,transitional (blend),29.406,58.811,47.931,2.7187
2,3,2,15,100,1.5,96.69,0.12346,0.41977,27.059,96.69,46.043,32.23,21.727,0.46043,0.3223,0.21727,fuel,2787.5,24.274,4450.2,transitional (blend),29.406,58.811,47.931,5.8
3,3,2,15,50,3.2,26.199,0.17362,0.5903,4.8329,39.298,28.07,13.099,8.8305,0.5614,0.26199,0.17661,fuel,2787.5,24.274,4450.2,transitional (blend),29.406,58.811,47.931,1.105
3,3,2,15,50,1.5,26.199,0.17362,0.5903,10.31,39.298,28.07,13.099,8.8305,0.5614,0.26199,0.17661,fuel,2787.5,24.274,4450.2,transitional (blend),29.406,58.811,47.931,2.3573
3,3,2,15,100,3.2,52.397,0.17362,0.5903,9.6658,78.596,56.14,26.199,17.661,0.5614,0.26199,0.17661,fuel,2787.5,24.274,4450.2,transitional (blend),29.406,58.811,47.931,2.21
3,3,2,15,100,1.5,52.397,0.17362,0.5903,20.62,78.596,56.14,26.199,17.661,0.5614,0.26199,0.17661,fuel,2787.5,24.274,4450.2,transitional (blend),29.406,58.811,47.931,4.7146
4,3,2,15,50,3.2,16.552,0.21787,0.74077,3.8316,33.103,31.527,11.034,7.4385,0.63054,0.22069,0.14877,fuel,2787.5,24.274,4450.2,transitional (blend),29.406,58.811,47.931,0.9308
4,3,2,15,50,1.5,16.552,0.21787,0.74077,8.174,33.103,31.527,11.034,7.4385,0.63054,0.22069,0.14877,fuel,2787.5,24.274,4450.2,transitional (blend),29.406,58.811,47.931,1.9857
4,3,2,15,100,3.2,33.103,0.21787,0.74077,7.6632,66.207,63.054,22.069,14.877,0.63054,0.22069,0.14877,fuel,2787.5,24.274,4450.2,transitional (blend),29.406,58.811,47.931,1.8616
4,3,2,15,100,1.5,33.103,0.21787,0.74077,16.348,66.207,63.054,22.069,14.877,0.63054,0.22069,0.14877,fuel,2787.5,24.274,4450.2,transitional (blend),29.406,58.811,47.931,3.9714
5,3,2,15,50,3.2,11.438,0.25721,0.87452,3.126,28.596,34.042,9.5319,6.4256,0.68085,0.19064,0.12851,fuel,2787.5,24.274,4450.2,transitional (blend),29.406,58.811,47.931,0.80406
5,3,2,15,50,1.5,11.438,0.25721,0.87452,6.6687,28.596,34.042,9.5319,6.4256,0.68085,0.19064,0.12851,fuel,2787.5,24.274,4450.2,transitional (blend),29.406,58.811,47.931,1.7153
5,3,2,15,100,3.2,22.877,0.25721,0.87452,6.2519,57.191,68.085,19.064,12.851,0.68085,0.19064,0.12851,fuel,2787.5,24.274,4450.2,transitional (blend),29.406,58.811,47.931,1.6081
5,3,2,15,100,1.5,22.877,0.25721,0.87452,13.337,57.191,68.085,19.064,12.851,0.68085,0.19064,0.12851,fuel,2787.5,24.274,4450.2,transitional (blend),29.406,58.811,47.931,3.4306
6,3,2,15,50,3.2,8.3895,0.29241,0.9942,2.6065,25.168,35.955,8.3895,5.6555,0.7191,0.16779,0.11311,fuel,2787.5,24.274,4450.2,transitional (blend),29.406,58.811,47.931,0.70769
6,3,2,15,50,1.5,8.3895,0.29241,0.9942,5.5605,25.168,35.955,8.3895,5.6555,0.7191,0.16779,0.11311,fuel,2787.5,24.274,4450.2,transitional (blend),29.406,58.811,47.931,1.5097
6,3,2,15,100,3.2,16.779,0.29241,0.9942,5.213,50.337,71.91,16.779,11.311,0.7191,0.16779,0.11311,fuel,2787.5,24.274,4450.2,transitional (blend),29.406,58.811,47.931,1.4154
6,3,2,15,100,1.5,16.779,0.29241,0.9942,11.121,50.337,71.91,16.779,11.311,0.7191,0.16779,0.11311,fuel,2787.5,24.274,4450.2,transitional (blend),29.406,58.811,47.931,3.0195
8,3,2,15,50,3.2,5.0755,0.35275,1.1993,1.9023,20.302,38.671,6.7674,4.562,0.77341,0.13535,0.09124,fuel,2787.5,24.274,4450.2,transitional (blend),29.406,58.811,47.931,0.57086
8,3,2,15,50,1.5,5.0755,0.35275,1.1993,4.0582,20.302,38.671,6.7674,4.562,0.77341,0.13535,0.09124,fuel,2787.5,24.274,4450.2,transitional (blend),29.406,58.811,47.931,1.2178
8,3,2,15,100,3.2,10.151,0.35275,1.1993,3.8046,40.604,77.341,13.535,9.124,0.77341,0.13535,0.09124,fuel,2787.5,24.274,4450.2,transitional (blend),29.406,58.811,47.931,1.1417
8,3,2,15,100,1.5,10.151,0.35275,1.1993,8.1164,40.604,77.341,13.535,9.124,0.77341,0.13535,0.09124,fuel,2787.5,24.274,4450.2,transitional (blend),29.406,58.811,47.931,2.4356
10,3,2,15,50,3.2,3.4025,0.40259,1.3688,1.4555,17.013,40.506,5.6709,3.8229,0.81013,0.11342,0.076457,fuel,2787.5,24.274,4450.2,transitional (blend),29.406,58.811,47.931,0.47836
10,3,2,15,50,1.5,3.4025,0.40259,1.3688,3.105,17.013,40.506,5.6709,3.8229,0.81013,0.11342,0.076457,fuel,2787.5,24.274,4450.2,transitional (blend),29.406,58.811,47.931,1.0205
10,3,2,15,100,3.2,6.8051,0.40259,1.3688,2.9109,34.025,81.013,11.342,7.6457,0.81013,0.11342,0.076457,fuel,2787.5,24.274,4450.2,transitional (blend),29.406,58.811,47.931,0.95672
10,3,2,15,100,1.5,6.8051,0.40259,1.3688,6.2099,34.025,81.013,11.342,7.6457,0.81013,0.11342,0.076457,fuel,2787.5,24.274,4450.2,transitional (blend),29.406,58.811,47.931,2.041
1,5,0.5,30,50,3.2,66.282,0.057873,0.19677,4.0757,33.141,7.8908,5.5235,36.586,0.15782,0.11047,0.73171,film,1161.4,8.235,905.85,laminar,2.0529,4.1057,3.3462,2.2365
1,5,0.5,30,50,1.5,66.282,0.057873,0.19677,8.6948,33.141,7.8908,5.5235,36.586,0.15782,0.11047,0.73171,film,1161.4,8.235,905.85,laminar,2.0529,4.1057,3.3462,4.7712
1,5,0.5,30,100,3.2,132.56,0.057873,0.19677,8.1514,66.282,15.782,11.047,73.171,0.15782,0.11047,0.73171,film,1161.4,8.235,905.85,laminar,2.0529,4.1057,3.3462,4.473
1,5,0.5,30,100,1.5,132.56,0.057873,0.19677,17.39,66.282,15.782,11.047,73.171,0.15782,0.11047,0.73171,film,1161.4,8.235,905.85,laminar,2.0529,4.1057,3.3462,9.5423
1.5,5,0.5,30,50,3.2,40.956,0.084179,0.28621,3.6631,30.717,10.97,5.1196,33.91,0.21941,0.10239,0.6782,film,1161.4,8.235,905.85,laminar,2.0529,4.1057,3.3462,2.0729
1.5,5,0.5,30,50,1.5,40.956,0.084179,0.28621,7.8147,30.717,10.97,5.1196,33.91,0.21941,0.10239,0.6782,film,1161.4,8.235,905.85,laminar,2.0529,4.1057,3.3462,4.4222
1.5,5,0.5,30,100,3.2,81.913,0.084179,0.28621,7.3263,61.435,21.941,10.239,67.82,0.21941,0.10239,0.6782,film,1161.4,8.235,905.85,laminar,2.0529,4.1057,3.3462,4.1458
1.5,5,0.5,30,100,1.5,81.913,0.084179,0.28621,15.629,61.435,21.941,10.239,67.82,0.21941,0.10239,0.6782,film,1161.4,8.235,905.85,laminar,2.0529,4.1057,3.3462,8.8444
2,5,0.5,30,50,3.2,28.624,0.10894,0.37039,3.3131,28.624,13.63,4.7706,31.599,0.27261,0.095413,0.63198,film,1161.4,8.235,905.85,laminar,2.0529,4.1057,3.3462,1.9316
2,5,0.5,30,50,1.5,28.624,0.10894,0.37039,7.0679,28.624,13.63,4.7706,31.599,0.27261,0.095413,0.63198,film,1161.4,8.235,905.85,laminar,2.0529,4.1057,3.3462,4.1208
2,5,0.5,30,100,3.2,57.248,0.10894,0.37039,6.6262,57.248,27.261,9.5413,63.198,0.27261,0.095413,0.63198,film,1161.4,8.235,905.85,laminar,2.0529,4.1057,3.3462,3.8633
2,5,0.5,30,100,1.5,57.248,0.10894,0.37039,14.136,57.248,27.261,9.5413,63.198,0.27261,0.095413,0.63198,film,1161.4,8.235,905.85,laminar,2.0529,4.1057,3.3462,8.2416
3,5,0.5,30,50,3.2,16.794,0.15433,0.52471,2.7537,25.19,17.993,4.1984,27.809,0.35986,0.083968,0.55617,film,1161.4,8.235,905.85,laminar,2.0529,4.1057,3.3462,1.6999
3,5,0.5,30,50,1.5,16.794,0.15433,0.52471,5.8746,25.19,17.993,4.1984,27.809,0.35986,0.083968,0.55617,film,1161.4,8.235,905.85,laminar,2.0529,4.1057,3.3462,3.6265
3,5,0.5,30,100,3.2,33.587,0.15433,0.52471,5.5074,50.381,35.986,8.3968,55.617,0.35986,0.083968,0.55617,film,1161.4,8.235,905.85,laminar,2.0529,4.1057,3.3462,3.3999
3,5,0.5,30,100,1.5,33.587,0.15433,0.52471,11.749,50.381,35.986,8.3968,55.617,0.35986,0.083968,0.55617,film,1161.4,8.235,905.85,laminar,2.0529,4.1057,3.3462,7.253
4,5,0.5,30,50,3.2,11.246,0.19494,0.6628,2.3294,22.492,21.421,3.7487,24.83,0.42842,0.074974,0.4966,film,1161.4,8.235,905.85,laminar,2.0529,4.1057,3.3462,1.5179
4,5,0.5,30,50,1.5,11.246,0.19494,0.6628,4.9693,22.492,21.421,3.7487,24.83,0.42842,0.074974,0.4966,film,1161.4,8.235,905.85,laminar,2.0529,4.1057,3.3462,3.2381
4,5,0.5,30,100,3.2,22.492,0.19494,0.6628,4.6587,44.985,42.842,7.4974,49.66,0.42842,0.074974,0.4966,film,1161.4,8.235,905.85,laminar,2.0529,4.1057,3.3462,3.0357
4,5,0.5,30,100,1.5,22.492,0.19494,0.6628,9.9386,44.985,42.842,7.4974,49.66,0.42842,0.074974,0.4966,film,1161.4,8.235,905.85,laminar,2.0529,4.1057,3.3462,6.4762
5,5,0.5,30,50,3.2,8.1265,0.23149,0.78707,1.9988,20.316,24.186,3.386,22.428,0.48372,0.067721,0.44856,fuel,1161.4,8.235,905.85,laminar,2.0529,4.1057,3.3462,1.371
5,5,0.5,30,50,1.5,8.1265,0.23149,0.78707,4.2641,20.316,24.186,3.386,22.428,0.48372,0.067721,0.44856,fuel,1161.4,8.235,905.85,laminar,2.0529,4.1057,3.3462,2.9248
5,5,0.5,30,100,3.2,16.253,0.23149,0.78707,3.9976,40.633,48.372,6.7721,44.856,0.48372,0.067721,0.44856,fuel,1161.4,8.235,905.85,laminar,2.0529,4.1057,3.3462,2.742
5,5,0.5,30,100,1.5,16.253,0.23149,0.78707,8.5282,40.633,48.372,6.7721,44.856,0.48372,0.067721,0.44856,fuel,1161.4,8.235,905.85,laminar,2.0529,4.1057,3.3462,5.8497
6,5,0.5,30,50,3.2,6.1747,0.26456,0.89951,1.7357,18.524,26.463,3.0874,20.45,0.52926,0.061747,0.40899,fuel,1161.4,8.235,905.85,laminar,2.0529,4.1057,3.3462,1.2501
6,5,0.5,30,50,1.5,6.1747,0.26456,0.89951,3.7028,18.524,26.463,3.0874,20.45,0.52926,0.061747,0.40899,fuel,1161.4,8.235,905.85,laminar,2.0529,4.1057,3.3462,2.6668
6,5,0.5,30,100,3.2,12.349,0.26456,0.89951,3.4714,37.048,52.926,6.1747,40.899,0.52926,0.061747,0.40899,fuel,1161.4,8.235,905.85,laminar,2.0529,4.1057,3.3462,2.5001
6,5,0.5,30,100,1.5,12.349,0.26456,0.89951,7.4057,37.048,52.926,6.1747,40.899,0.52926,0.061747,0.40899,fuel,1161.4,8.235,905.85,laminar,2.0529,4.1057,3.3462,5.3337
8,5,0.5,30,50,3.2,3.9366,0.32208,1.0951,1.3471,15.746,29.993,2.6244,17.383,0.59986,0.052487,0.34766,fuel,1161.4,8.235,905.85,laminar,2.0529,4.1057,3.3462,1.0626
8,5,0.5,30,50,1.5,3.9366,0.32208,1.0951,2.8738,15.746,29.993,2.6244,17.383,0.59986,0.052487,0.34766,fuel,1161.4,8.235,905.85,laminar,2.0529,4.1057,3.3462,2.2669
8,5,0.5,30,100,3.2,7.8731,0.32208,1.0951,2.6942,31.492,59.986,5.2487,34.766,0.59986,0.052487,0.34766,fuel,1161.4,8.235,905.85,laminar,2.0529,4.1057,3.3462,2.1252
8,5,0.5,30,100,1.5,7.8731,0.32208,1.0951,5.7477,31.492,59.986,5.2487,34.766,0.59986,0.052487,0.34766,fuel,1161.4,8.235,905.85,laminar,2.0529,4.1057,3.3462,4.5338
10,5,0.5,30,50,3.2,2.7386,0.37039,1.2593,1.0777,13.693,32.602,2.2821,15.116,0.65204,0.045643,0.30232,fuel,1161.4,8.235,905.85,laminar,2.0529,4.1057,3.3462,0.92404
10,5,0.5,30,50,1.5,2.7386,0.37039,1.2593,2.2991,13.693,32.602,2.2821,15.116,0.65204,0.045643,0.30232,fuel,1161.4,8.235,905.85,laminar,2.0529,4.1057,3.3462,1.9713
10,5,0.5,30,100,3.2,5.4771,0.37039,1.2593,2.1554,27.386,65.204,4.5643,30.232,0.65204,0.045643,0.30232,fuel,1161.4,8.235,905.85,laminar,2.0529,4.1057,3.3462,1.8481
10,5,0.5,30,100,1.5,5.4771,0.37039,1.2593,4.5983,27.386,65.204,4.5643,30.232,0.65204,0.045643,0.30232,fuel,1161.4,8.235,905.85,laminar,2.0529,4.1057,3.3462,3.9426
1,5,0.5,15,50,3.2,59.689,0.057873,0.19677,3.6702,29.844,7.1058,9.9481,32.946,0.14212,0.19896,0.65892,film,1161.4,8.235,905.85,laminar,2.0529,4.1057,3.3462,2.014
1,5,0.5,15,50,1.5,59.689,0.057873,0.19677,7.8299,29.844,7.1058,9.9481,32.946,0.14212,0.19896,0.65892,film,1161.4,8.235,905.85,laminar,2.0529,4.1057,3.3462,4.2965
1,5,0.5,15,100,3.2,119.38,0.057873,0.19677,7.3405,59.689,14.212,19.896,65.892,0.14212,0.19896,0.65892,film,1161.4,8.235,905.85,laminar,2.0529,4.1057,3.3462,4.028
1,5,0.5,15,100,1.5,119.38,0.057873,0.19677,15.66,59.689,14.212,19.896,65.892,0.14212,0.19896,0.65892,film,1161.4,8.235,905.85,laminar,2.0529,4.1057,3.3462,8.593
1.5,5,0.5,15,50,3.2,37.152,0.084179,0.28621,3.3229,27.864,9.9515,9.2881,30.76,0.19903,0.18576,0.61521,film,1161.4,8.235,905.85,laminar,2.0529,4.1057,3.3462,1.8804
1.5,5,0.5,15,50,1.5,37.152,0.084179,0.28621,7.0889,27.864,9.9515,9.2881,30.76,0.19903,0.18576,0.61521,film,1161.4,8.235,905.85,laminar,2.0529,4.1057,3.3462,4.0115
1.5,5,0.5,15,100,3.2,74.305,0.084179,0.28621,6.6458,55.729,19.903,18.576,61.521,0.19903,0.18576,0.61521,film,1161.4,8.235,905.85,laminar,2.0529,4.1057,3.3462,3.7608
1.5,5,0.5,15,100,1.5,74.305,0.084179,0.28621,14.178,55.729,19.903,18.576,61.521,0.19903,0.18576,0.61521,film,1161.4,8.235,905.85,laminar,2.0529,4.1057,3.3462,8.0229
2,5,0.5,15,50,3.2,26.131,0.10894,0.37039,3.0245,26.131,12.443,8.7102,28.847,0.24886,0.1742,0.57693,film,1161.4,8.235,905.85,laminar,2.0529,4.1057,3.3462,1.7634
2,5,0.5,15,50,1.5,26.131,0.10894,0.37039,6.4523,26.131,12.443,8.7102,28.847,0.24886,0.1742,0.57693,film,1161.4,8.235,905.85,laminar,2.0529,4.1057,3.3462,3.7619
2,5,0.5,15,100,3.2,52.261,0.10894,0.37039,6.049,52.261,24.886,17.42,57.693,0.24886,0.1742,0.57693,film,1161.4,8.235,905.85,laminar,2.0529,4.1057,3.3462,3.5268
2,5,0.5,15,100,1.5,52.261,0.10894,0.37039,12.905,52.261,24.886,17.42,57.693,0.24886,0.1742,0.57693,film,1161.4,8.235,905.85,laminar,2.0529,4.1057,3.3462,7.5238
3,5,0.5,15,50,3.2,15.493,0.15433,0.52471,2.5404,23.239,16.599,7.7463,25.654,0.33199,0.15493,0.51309,film,1161.4,8.235,905.85,laminar,2.0529,4.1057,3.3462,1.5682
3,5,0.5,15,50,1.5,15.493,0.15433,0.52471,5.4195,23.239,16.599,7.7463,25.654,0.33199,0.15493,0.51309,film,1161.4,8.235,905.85,laminar,2.0529,4.1057,3.3462,3.3456
3,5,0.5,15,100,3.2,30.985,0.15433,0.52471,5.0808,46.478,33.199,15.493,51.309,0.33199,0.15493,0.51309,film,1161.4,8.235,905.85,laminar,2.0529,4.1057,3.3462,3.1365
3,5,0.5,15,100,1.5,30.985,0.15433,0.52471,10.839,46.478,33.199,15.493,51.309,0.33199,0.15493,0.51309,film,1161.4,8.235,905.85,laminar,2.0529,4.1057,3.3462,6.6912
4,5,0.5,15,50,3.2,10.462,0.19494,0.6628,2.1669,20.924,19.927,6.9745,23.098,0.39854,0.13949,0.46197,film,1161.4,8.235,905.85,laminar,2.0529,4.1057,3.3462,1.412
4,5,0.5,15,50,1.5,10.462,0.19494,0.6628,4.6227,20.924,19.927,6.9745,23.098,0.39854,0.13949,0.46197,film,1161.4,8.235,905.85,laminar,2.0529,4.1057,3.3462,3.0123
4,5,0.5,15,100,3.2,20.924,0.19494,0.6628,4.3338,41.847,39.854,13.949,46.197,0.39854,0.13949,0.46197,film,1161.4,8.235,905.85,laminar,2.0529,4.1057,3.3462,2.824
4,5,0.5,15,100,1.5,20.924,0.19494,0.6628,9.2454,41.847,39.854,13.949,46.197,0.39854,0.13949,0.46197,film,1161.4,8.235,905.85,laminar,2.0529,4.1057,3.3462,6.0245
5,5,0.5,15,50,3.2,7.6111,0.23149,0.78707,1.872,19.028,22.652,6.3426,21.005,0.45304,0.12685,0.42011,fuel,1161.4,8.235,905.85,laminar,2.0529,4.1057,3.3462,1.2841
5,5,0.5,15,50,1.5,7.6111,0.23149,0.78707,3.9937,19.028,22.652,6.3426,21.005,0.45304,0.12685,0.42011,fuel,1161.4,8.235,905.85,laminar,2.0529,4.1057,3.3462,2.7393
5,5,0.5,15,100,3.2,15.222,0.23149,0.78707,3.744,38.055,45.304,12.685,42.011,0.45304,0.12685,0.42011,fuel,1161.4,8.235,905.85,laminar,2.0529,4.1057,3.3462,2.5681
5,5,0.5,15,100,1.5,15.222,0.23149,0.78707,7.9873,38.055,45.304,12.685,42.011,0.45304,0.12685,0.42011,fuel,1161.4,8.235,905.85,laminar,2.0529,4.1057,3.3462,5.4786
6,5,0.5,15,50,3.2,5.8156,0.26456,0.89951,1.6348,17.447,24.924,5.8156,19.26,0.49848,0.11631,0.3852,fuel,1161.4,8.235,905.85,laminar,2.0529,4.1057,3.3462,1.1774
6,5,0.5,15,50,1.5,5.8156,0.26456,0.89951,3.4875,17.447,24.924,5.8156,19.26,0.49848,0.11631,0.3852,fuel,1161.4,8.235,905.85,laminar,2.0529,4.1057,3.3462,2.5117
6,5,0.5,15,100,3.2,11.631,0.26456,0.89951,3.2695,34.894,49.848,11.631,38.52,0.49848,0.11631,0.3852,fuel,1161.4,8.235,905.85,laminar,2.0529,4.1057,3.3462,2.3547
6,5,0.5,15,100,1.5,11.631,0.26456,0.89951,6.975,34.894,49.848,11.631,38.52,0.49848,0.11631,0.3852,fuel,1161.4,8.235,905.85,laminar,2.0529,4.1057,3.3462,5.0235
8,5,0.5,15,50,3.2,3.7402,0.32208,1.0951,1.2799,14.961,28.497,4.987,16.516,0.56994,0.09974,0.33032,fuel,1161.4,8.235,905.85,laminar,2.0529,4.1057,3.3462,1.0096
8,5,0.5,15,50,1.5,3.7402,0.32208,1.0951,2.7305,14.961,28.497,4.987,16.516,0.56994,0.09974,0.33032,fuel,1161.4,8.235,905.85,laminar,2.0529,4.1057,3.3462,2.1538
8,5,0.5,15,100,3.2,7.4805,0.32208,1.0951,2.5599,29.922,56.994,9.974,33.032,0.56994,0.09974,0.33032,fuel,1161.4,8.235,905.85,laminar,2.0529,4.1057,3.3462,2.0192
8,5,0.5,15,100,1.5,7.4805,0.32208,1.0951,5.461,29.922,56.994,9.974,33.032,0.56994,0.09974,0.33032,fuel,1161.4,8.235,905.85,laminar,2.0529,4.1057,3.3462,4.3077
10,5,0.5,15,50,3.2,2.619,0.37039,1.2593,1.0307,13.095,31.179,4.365,14.456,0.62358,0.087301,0.28912,fuel,1161.4,8.235,905.85,laminar,2.0529,4.1057,3.3462,0.8837
10,5,0.5,15,50,1.5,2.619,0.37039,1.2593,2.1988,13.095,31.179,4.365,14.456,0.62358,0.087301,0.28912,fuel,1161.4,8.235,905.85,laminar,2.0529,4.1057,3.3462,1.8852
10,5,0.5,15,100,3.2,5.238,0.37039,1.2593,2.0614,26.19,62.358,8.7301,28.912,0.62358,0.087301,0.28912,fuel,1161.4,8.235,905.85,laminar,2.0529,4.1057,3.3462,1.7674
10,5,0.5,15,100,1.5,5.238,0.37039,1.2593,4.3976,26.19,62.358,8.7301,28.912,0.62358,0.087301,0.28912,fuel,1161.4,8.235,905.85,laminar,2.0529,4.1057,3.3462,3.7705
1,5,1,30,50,3.2,70.609,0.057873,0.19677,4.3418,35.305,8.4059,5.8841,35.71,0.16812,0.11768,0.7142,film,2322.9,8.9877,988.65,transitional (blend),4.159,8.318,6.7791,1.1912
1,5,1,30,50,1.5,70.609,0.057873,0.19677,9.2624,35.305,8.4059,5.8841,35.71,0.16812,0.11768,0.7142,film,2322.9,8.9877,988.65,transitional (blend),4.159,8.318,6.7791,2.5413
1,5,1,30,100,3.2,141.22,0.057873,0.19677,8.6835,70.609,16.812,11.768,71.42,0.16812,0.11768,0.7142,film,2322.9,8.9877,988.65,transitional (blend),4.159,8.318,6.7791,2.3825
1,5,1,30,100,1.5,141.22,0.057873,0.19677,18.525,70.609,16.812,11.768,71.42,0.16812,0.11768,0.7142,film,2322.9,8.9877,988.65,transitional (blend),4.159,8.318,6.7791,5.0826
1.5,5,1,30,50,3.2,43.423,0.084179,0.28621,3.8837,32.567,11.631,5.4279,32.941,0.23262,0.10856,0.65882,film,2322.9,8.9877,988.65,transitional (blend),4.159,8.318,6.7791,1.0989
1.5,5,1,30,50,1.5,43.423,0.084179,0.28621,8.2853,32.567,11.631,5.4279,32.941,0.23262,0.10856,0.65882,film,2322.9,8.9877,988.65,transitional (blend),4.159,8.318,6.7791,2.3443
1.5,5,1,30,100,3.2,86.846,0.084179,0.28621,7.7675,65.134,23.262,10.856,65.882,0.23262,0.10856,0.65882,film,2322.9,8.9877,988.65,transitional (blend),4.159,8.318,6.7791,2.1977
1.5,5,1,30,100,1.5,86.846,0.084179,0.28621,16.571,65.134,23.262,10.856,65.882,0.23262,0.10856,0.65882,film,2322.9,8.9877,988.65,transitional (blend),4.159,8.318,6.7791,4.6885
2,5,1,30,50,3.2,30.224,0.10894,0.37039,3.4983,30.224,14.392,5.0373,30.571,0.28784,0.10075,0.61141,film,2322.9,8.9877,988.65,transitional (blend),4.159,8.318,6.7791,1.0198
2,5,1,30,50,1.5,30.224,0.10894,0.37039,7.4629,30.224,14.392,5.0373,30.571,0.28784,0.10075,0.61141,film,2322.9,8.9877,988.65,transitional (blend),4.159,8.318,6.7791,2.1756
2,5,1,30,100,3.2,60.447,0.10894,0.37039,6.9965,60.447,28.784,10.075,61.141,0.28784,0.10075,0.61141,film,2322.9,8.9877,988.65,transitional (blend),4.159,8.318,6.7791,2.0396
2,5,1,30,100,1.5,60.447,0.10894,0.37039,14.926,60.447,28.784,10.075,61.141,0.28784,0.10075,0.61141,film,2322.9,8.9877,988.65,transitional (blend),4.159,8.318,6.7791,4.3511
3,5,1,30,50,3.2,17.614,0.15433,0.52471,2.8882,26.421,18.872,4.4035,26.724,0.37744,0.08807,0.53449,film,2322.9,8.9877,988.65,transitional (blend),4.159,8.318,6.7791,0.89149
3,5,1,30,50,1.5,17.614,0.15433,0.52471,6.1616,26.421,18.872,4.4035,26.724,0.37744,0.08807,0.53449,film,2322.9,8.9877,988.65,transitional (blend),4.159,8.318,6.7791,1.9018
3,5,1,30,100,3.2,35.228,0.15433,0.52471,5.7765,52.842,37.744,8.807,53.449,0.37744,0.08807,0.53449,film,2322.9,8.9877,988.65,transitional (blend),4.159,8.318,6.7791,1.783
3,5,1,30,100,1.5,35.228,0.15433,0.52471,12.323,52.842,37.744,8.807,53.449,0.37744,0.08807,0.53449,film,2322.9,8.9877,988.65,transitional (blend),4.159,8.318,6.7791,3.8037
4,5,1,30,50,3.2,11.734,0.19494,0.6628,2.4304,23.468,22.351,3.9114,23.738,0.44702,0.078228,0.47476,film,2322.9,8.9877,988.65,transitional (blend),4.159,8.318,6.7791,0.79186
4,5,1,30,50,1.5,11.734,0.19494,0.6628,5.1849,23.468,22.351,3.9114,23.738,0.44702,0.078228,0.47476,film,2322.9,8.9877,988.65,transitional (blend),4.159,8.318,6.7791,1.6893
4,5,1,30,100,3.2,23.468,0.19494,0.6628,4.8609,46.937,44.702,7.8228,47.476,0.44702,0.078228,0.47476,film,2322.9,8.9877,988.65,transitional (blend),4.159,8.318,6.7791,1.5837
4,5,1,30,100,1.5,23.468,0.19494,0.6628,10.37,46.937,44.702,7.8228,47.476,0.44702,0.078228,0.47476,film,2322.9,8.9877,988.65,transitional (blend),4.159,8.318,6.7791,3.3786
5,5,1,30,50,3.2,8.4437,0.23149,0.78707,2.0768,21.109,25.13,3.5182,21.352,0.5026,0.070364,0.42703,fuel,2322.9,8.9877,988.65,transitional (blend),4.159,8.318,6.7791,0.71226
5,5,1,30,50,1.5,8.4437,0.23149,0.78707,4.4305,21.109,25.13,3.5182,21.352,0.5026,0.070364,0.42703,fuel,2322.9,8.9877,988.65,transitional (blend),4.159,8.318,6.7791,1.5195
5,5,1,30,100,3.2,16.887,0.23149,0.78707,4.1536,42.219,50.26,7.0364,42.703,0.5026,0.070364,0.42703,fuel,2322.9,8.9877,988.65,transitional (blend),4.159,8.318,6.7791,1.4245
5,5,1,30,100,1.5,16.887,0.23149,0.78707,8.8611,42.219,50.26,7.0364,42.703,0.5026,0.070364,0.42703,fuel,2322.9,8.9877,988.65,transitional (blend),4.159,8.318,6.7791,3.039
6,5,1,30,50,3.2,6.3937,0.26456,0.89951,1.7973,19.181,27.402,3.1969,19.401,0.54803,0.063937,0.38803,fuel,2322.9,8.9877,988.65,transitional (blend),4.159,8.318,6.7791,0.64721
6,5,1,30,50,1.5,6.3937,0.26456,0.89951,3.8342,19.181,27.402,3.1969,19.401,0.54803,0.063937,0.38803,fuel,2322.9,8.9877,988.65,transitional (blend),4.159,8.318,6.7791,1.3807
6,5,1,30,100,3.2,12.787,0.26456,0.89951,3.5945,38.362,54.803,6.3937,38.803,0.54803,0.063937,0.38803,fuel,2322.9,8.9877,988.65,transitional (blend),4.159,8.318,6.7791,1.2944
6,5,1,30,100,1.5,12.787,0.26456,0.89951,7.6683,38.362,54.803,6.3937,38.803,0.54803,0.063937,0.38803,fuel,2322.9,8.9877,988.65,transitional (blend),4.159,8.318,6.7791,2.7614
8,5,1,30,50,3.2,4.0546,0.32208,1.0951,1.3875,16.218,30.892,2.7031,16.405,0.61785,0.054061,0.32809,fuel,2322.9,8.9877,988.65,transitional (blend),4.159,8.318,6.7791,0.54724
8,5,1,30,50,1.5,4.0546,0.32208,1.0951,2.96,16.218,30.892,2.7031,16.405,0.61785,0.054061,0.32809,fuel,2322.9,8.9877,988.65,transitional (blend),4.159,8.318,6.7791,1.1674
8,5,1,30,100,3.2,8.1092,0.32208,1.0951,2.775,32.437,61.785,5.4061,32.809,0.61785,0.054061,0.32809,fuel,2322.9,8.9877,988.65,transitional (blend),4.159,8.318,6.7791,1.0945
8,5,1,30,100,1.5,8.1092,0.32208,1.0951,5.92,32.437,61.785,5.4061,32.809,0.61785,0.054061,0.32809,fuel,2322.9,8.9877,988.65,transitional (blend),4.159,8.318,6.7791,2.3349
10,5,1,30,50,3.2,2.8097,0.37039,1.2593,1.1057,14.048,33.449,2.3414,14.21,0.66898,0.046828,0.2842,fuel,2322.9,8.9877,988.65,transitional (blend),4.159,8.318,6.7791,0.47402
10,5,1,30,50,1.5,2.8097,0.37039,1.2593,2.3589,14.048,33.449,2.3414,14.21,0.66898,0.046828,0.2842,fuel,2322.9,8.9877,988.65,transitional (blend),4.159,8.318,6.7791,1.0112
10,5,1,30,100,3.2,5.6194,0.37039,1.2593,2.2114,28.097,66.898,4.6828,28.42,0.66898,0.046828,0.2842,fuel,2322.9,8.9877,988.65,transitional (blend),4.159,8.318,6.7791,0.94804
10,5,1,30,100,1.5,5.6194,0.37039,1.2593,4.7177,28.097,66.898,4.6828,28.42,0.66898,0.046828,0.2842,fuel,2322.9,8.9877,988.65,transitional (blend),4.159,8.318,6.7791,2.0225
1,5,1,15,50,3.2,63.175,0.057873,0.19677,3.8846,31.587,7.5208,10.529,31.95,0.15042,0.21058,0.639,film,2322.9,8.9877,988.65,transitional (blend),4.159,8.318,6.7791,1.0658
1,5,1,15,50,1.5,63.175,0.057873,0.19677,8.2872,31.587,7.5208,10.529,31.95,0.15042,0.21058,0.639,film,2322.9,8.9877,988.65,transitional (blend),4.159,8.318,6.7791,2.2737
1,5,1,15,100,3.2,126.35,0.057873,0.19677,7.7692,63.175,15.042,21.058,63.9,0.15042,0.21058,0.639,film,2322.9,8.9877,988.65,transitional (blend),4.159,8.318,6.7791,2.1316
1,5,1,15,100,1.5,126.35,0.057873,0.19677,16.574,63.175,15.042,21.058,63.9,0.15042,0.21058,0.639,film,2322.9,8.9877,988.65,transitional (blend),4.159,8.318,6.7791,4.5475
1.5,5,1,15,50,3.2,39.171,0.084179,0.28621,3.5034,29.378,10.492,9.7926,29.715,0.20984,0.19585,0.5943,film,2322.9,8.9877,988.65,transitional (blend),4.159,8.318,6.7791,0.99126
1.5,5,1,15,50,1.5,39.171,0.084179,0.28621,7.474,29.378,10.492,9.7926,29.715,0.20984,0.19585,0.5943,film,2322.9,8.9877,988.65,transitional (blend),4.159,8.318,6.7791,2.1147
1.5,5,1,15,100,3.2,78.341,0.084179,0.28621,7.0068,58.756,20.984,19.585,59.43,0.20984,0.19585,0.5943,film,2322.9,8.9877,988.65,transitional (blend),4.159,8.318,6.7791,1.9825
1.5,5,1,15,100,1.5,78.341,0.084179,0.28621,14.948,58.756,20.984,19.585,59.43,0.20984,0.19585,0.5943,film,2322.9,8.9877,988.65,transitional (blend),4.159,8.318,6.7791,4.2294
2,5,1,15,50,3.2,27.457,0.10894,0.37039,3.1781,27.457,13.075,9.1525,27.773,0.2615,0.18305,0.55545,film,2322.9,8.9877,988.65,transitional (blend),4.159,8.318,6.7791,0.92646
2,5,1,15,50,1.5,27.457,0.10894,0.37039,6.7799,27.457,13.075,9.1525,27.773,0.2615,0.18305,0.55545,film,2322.9,8.9877,988.65,transitional (blend),4.159,8.318,6.7791,1.9764
2,5,1,15,100,3.2,54.915,0.10894,0.37039,6.3562,54.915,26.15,18.305,55.545,0.2615,0.18305,0.55545,film,2322.9,8.9877,988.65,transitional (blend),4.159,8.318,6.7791,1.8529
2,5,1,15,100,1.5,54.915,0.10894,0.37039,13.56,54.915,26.15,18.305,55.545,0.2615,0.18305,0.55545,film,2322.9,8.9877,988.65,transitional (blend),4.159,8.318,6.7791,3.9529
3,5,1,15,50,3.2,16.188,0.15433,0.52471,2.6544,24.282,17.345,8.0941,24.561,0.34689,0.16188,0.49122,film,2322.9,8.9877,988.65,transitional (blend),4.159,8.318,6.7791,0.81933
3,5,1,15,50,1.5,16.188,0.15433,0.52471,5.6628,24.282,17.345,8.0941,24.561,0.34689,0.16188,0.49122,film,2322.9,8.9877,988.65,transitional (blend),4.159,8.318,6.7791,1.7479
3,5,1,15,100,3.2,32.377,0.15433,0.52471,5.3089,48.565,34.689,16.188,49.122,0.34689,0.16188,0.49122,film,2322.9,8.9877,988.65,transitional (blend),4.159,8.318,6.7791,1.6387
3,5,1,15,100,1.5,32.377,0.15433,0.52471,11.326,48.565,34.689,16.188,49.122,0.34689,0.16188,0.49122,film,2322.9,8.9877,988.65,transitional (blend),4.159,8.318,6.7791,3.4958
4,5,1,15,50,3.2,10.883,0.19494,0.6628,2.2541,21.766,20.729,7.2552,22.016,0.41458,0.1451,0.44031,film,2322.9,8.9877,988.65,transitional (blend),4.159,8.318,6.7791,0.73441
4,5,1,15,50,1.5,10.883,0.19494,0.6628,4.8087,21.766,20.729,7.2552,22.016,0.41458,0.1451,0.44031,film,2322.9,8.9877,988.65,transitional (blend),4.159,8.318,6.7791,1.5667
4,5,1,15,100,3.2,21.766,0.19494,0.6628,4.5082,43.531,41.458,14.51,44.031,0.41458,0.1451,0.44031,film,2322.9,8.9877,988.65,transitional (blend),4.159,8.318,6.7791,1.4688
4,5,1,15,100,1.5,21.766,0.19494,0.6628,9.6175,43.531,41.458,14.51,44.031,0.41458,0.1451,0.44031,film,2322.9,8.9877,988.65,transitional (blend),4.159,8.318,6.7791,3.1335
5,5,1,15,50,3.2,7.8886,0.23149,0.78707,1.9403,19.722,23.478,6.5739,19.948,0.46956,0.13148,0.39896,fuel,2322.9,8.9877,988.65,transitional (blend),4.159,8.318,6.7791,0.66544
5,5,1,15,50,1.5,7.8886,0.23149,0.78707,4.1393,19.722,23.478,6.5739,19.948,0.46956,0.13148,0.39896,fuel,2322.9,8.9877,988.65,transitional (blend),4.159,8.318,6.7791,1.4196
5,5,1,15,100,3.2,15.777,0.23149,0.78707,3.8806,39.443,46.956,13.148,39.896,0.46956,0.13148,0.39896,fuel,2322.9,8.9877,988.65,transitional (blend),4.159,8.318,6.7791,1.3309
5,5,1,15,100,1.5,15.777,0.23149,0.78707,8.2786,39.443,46.956,13.148,39.896,0.46956,0.13148,0.39896,fuel,2322.9,8.9877,988.65,transitional (blend),4.159,8.318,6.7791,2.8392
6,5,1,15,50,3.2,6.0095,0.26456,0.89951,1.6893,18.029,25.755,6.0095,18.235,0.5151,0.12019,0.36471,fuel,2322.9,8.9877,988.65,transitional (blend),4.159,8.318,6.7791,0.60831
6,5,1,15,50,1.5,6.0095,0.26456,0.89951,3.6037,18.029,25.755,6.0095,18.235,0.5151,0.12019,0.36471,fuel,2322.9,8.9877,988.65,transitional (blend),4.159,8.318,6.7791,1.2977
6,5,1,15,100,3.2,12.019,0.26456,0.89951,3.3785,36.057,51.51,12.019,36.471,0.5151,0.12019,0.36471,fuel,2322.9,8.9877,988.65,transitional (blend),4.159,8.318,6.7791,1.2166
6,5,1,15,100,1.5,12.019,0.26456,0.89951,7.2075,36.057,51.51,12.019,36.471,0.5151,0.12019,0.36471,fuel,2322.9,8.9877,988.65,transitional (blend),4.159,8.318,6.7791,2.5955
8,5,1,15,50,3.2,3.8467,0.32208,1.0951,1.3163,15.387,29.308,5.1289,15.563,0.58616,0.10258,0.31127,fuel,2322.9,8.9877,988.65,transitional (blend),4.159,8.318,6.7791,0.51917
8,5,1,15,50,1.5,3.8467,0.32208,1.0951,2.8082,15.387,29.308,5.1289,15.563,0.58616,0.10258,0.31127,fuel,2322.9,8.9877,988.65,transitional (blend),4.159,8.318,6.7791,1.1076
8,5,1,15,100,3.2,7.6933,0.32208,1.0951,2.6327,30.773,58.616,10.258,31.127,0.58616,0.10258,0.31127,fuel,2322.9,8.9877,988.65,transitional (blend),4.159,8.318,6.7791,1.0383
8,5,1,15,100,1.5,7.6933,0.32208,1.0951,5.6164,30.773,58.616,10.258,31.127,0.58616,0.10258,0.31127,fuel,2322.9,8.9877,988.65,transitional (blend),4.159,8.318,6.7791,2.2151
10,5,1,15,50,3.2,2.684,0.37039,1.2593,1.0563,13.42,31.953,4.4734,13.574,0.63905,0.089467,0.27148,fuel,2322.9,8.9877,988.65,transitional (blend),4.159,8.318,6.7791,0.45282
10,5,1,15,50,1.5,2.684,0.37039,1.2593,2.2533,13.42,31.953,4.4734,13.574,0.63905,0.089467,0.27148,fuel,2322.9,8.9877,988.65,transitional (blend),4.159,8.318,6.7791,0.96601
10,5,1,15,100,3.2,5.368,0.37039,1.2593,2.1125,26.84,63.905,8.9467,27.148,0.63905,0.089467,0.27148,fuel,2322.9,8.9877,988.65,transitional (blend),4.159,8.318,6.7791,0.90563
10,5,1,15,100,1.5,5.368,0.37039,1.2593,4.5067,26.84,63.905,8.9467,27.148,0.63905,0.089467,0.27148,fuel,2322.9,8.9877,988.65,transitional (blend),4.159,8.318,6.7791,1.932
1,5,2,30,50,3.2,173.04,0.057873,0.19677,10.64,86.522,20.6,14.42,14.979,0.41201,0.28841,0.29959,fuel,4645.8,52.51,5776.1,turbulent (Gnielinski),15.703,31.406,25.596,1.4597
1,5,2,30,50,1.5,173.04,0.057873,0.19677,22.7,86.522,20.6,14.42,14.979,0.41201,0.28841,0.29959,fuel,4645.8,52.51,5776.1,turbulent (Gnielinski),15.703,31.406,25.596,3.114
1,5,2,30,100,3.2,346.09,0.057873,0.19677,21.281,173.04,41.201,28.841,29.959,0.41201,0.28841,0.29959,fuel,4645.8,52.51,5776.1,turbulent (Gnielinski),15.703,31.406,25.596,2.9194
1,5,2,30,100,1.5,346.09,0.057873,0.19677,45.399,173.04,41.201,28.841,29.959,0.41201,0.28841,0.29959,fuel,4645.8,52.51,5776.1,turbulent (Gnielinski),15.703,31.406,25.596,6.228
1.5,5,2,30,50,3.2,95.657,0.084179,0.28621,8.5555,71.742,25.622,11.957,12.421,0.51245,0.23914,0.24841,fuel,4645.8,52.51,5776.1,turbulent (Gnielinski),15.703,31.406,25.596,1.2104
1.5,5,2,30,50,1.5,95.657,0.084179,0.28621,18.252,71.742,25.622,11.957,12.421,0.51245,0.23914,0.24841,fuel,4645.8,52.51,5776.1,turbulent (Gnielinski),15.703,31.406,25.596,2.5821
1.5,5,2,30,100,3.2,191.31,0.084179,0.28621,17.111,143.48,51.245,23.914,24.841,0.51245,0.23914,0.24841,fuel,4645.8,52.51,5776.1,turbulent (Gnielinski),15.703,31.406,25.596,2.4207
1.5,5,2,30,100,1.5,191.31,0.084179,0.28621,36.504,143.48,51.245,23.914,24.841,0.51245,0.23914,0.24841,fuel,4645.8,52.51,5776.1,turbulent (Gnielinski),15.703,31.406,25.596,5.1642
2,5,2,30,50,3.2,61.276,0.10894,0.37039,7.0924,61.276,29.179,10.213,10.609,0.58358,0.20425,0.21217,fuel,4645.8,52.51,5776.1,turbulent (Gnielinski),15.703,31.406,25.596,1.0338
2,5,2,30,50,1.5,61.276,0.10894,0.37039,15.13,61.276,29.179,10.213,10.609,0.58358,0.20425,0.21217,fuel,4645.8,52.51,5776.1,turbulent (Gnielinski),15.703,31.406,25.596,2.2054
2,5,2,30,100,3.2,122.55,0.10894,0.37039,14.185,122.55,58.358,20.425,21.217,0.58358,0.20425,0.21217,fuel,4645.8,52.51,5776.1,turbulent (Gnielinski),15.703,31.406,25.596,2.0675
2,5,2,30,100,1.5,122.55,0.10894,0.37039,30.261,122.55,58.358,20.425,21.217,0.58358,0.20425,0.21217,fuel,4645.8,52.51,5776.1,turbulent (Gnielinski),15.703,31.406,25.596,4.4108
3,5,2,30,50,3.2,31.623,0.15433,0.52471,5.1854,47.435,33.882,7.9058,8.2123,0.67764,0.15812,0.16425,fuel,4645.8,52.51,5776.1,turbulent (Gnielinski),15.703,31.406,25.596,0.80026
3,5,2,30,50,1.5,31.623,0.15433,0.52471,11.062,47.435,33.882,7.9058,8.2123,0.67764,0.15812,0.16425,fuel,4645.8,52.51,5776.1,turbulent (Gnielinski),15.703,31.406,25.596,1.7072
3,5,2,30,100,3.2,63.246,0.15433,0.52471,10.371,94.869,67.764,15.812,16.425,0.67764,0.15812,0.16425,fuel,4645.8,52.51,5776.1,turbulent (Gnielinski),15.703,31.406,25.596,1.6005
3,5,2,30,100,1.5,63.246,0.15433,0.52471,22.124,94.869,67.764,15.812,16.425,0.67764,0.15812,0.16425,fuel,4645.8,52.51,5776.1,turbulent (Gnielinski),15.703,31.406,25.596,3.4145
4,5,2,30,50,3.2,19.347,0.19494,0.6628,4.0073,38.694,36.852,6.4491,6.6991,0.73704,0.12898,0.13398,fuel,4645.8,52.51,5776.1,turbulent (Gnielinski),15.703,31.406,25.596,0.65281
4,5,2,30,50,1.5,19.347,0.19494,0.6628,8.5489,38.694,36.852,6.4491,6.6991,0.73704,0.12898,0.13398,fuel,4645.8,52.51,5776.1,turbulent (Gnielinski),15.703,31.406,25.596,1.3927
4,5,2,30,100,3.2,38.694,0.19494,0.6628,8.0146,77.389,73.704,12.898,13.398,0.73704,0.12898,0.13398,fuel,4645.8,52.51,5776.1,turbulent (Gnielinski),15.703,31.406,25.596,1.3056
4,5,2,30,100,1.5,38.694,0.19494,0.6628,17.098,77.389,73.704,12.898,13.398,0.73704,0.12898,0.13398,fuel,4645.8,52.51,5776.1,turbulent (Gnielinski),15.703,31.406,25.596,2.7853
5,5,2,30,50,3.2,13.07,0.23149,0.78707,3.2146,32.674,38.898,5.4457,5.6568,0.77795,0.10891,0.11314,fuel,4645.8,52.51,5776.1,turbulent (Gnielinski),15.703,31.406,25.596,0.55124
5,5,2,30,50,1.5,13.07,0.23149,0.78707,6.8578,32.674,38.898,5.4457,5.6568,0.77795,0.10891,0.11314,fuel,4645.8,52.51,5776.1,turbulent (Gnielinski),15.703,31.406,25.596,1.176
5,5,2,30,100,3.2,26.139,0.23149,0.78707,6.4292,65.348,77.795,10.891,11.314,0.77795,0.10891,0.11314,fuel,4645.8,52.51,5776.1,turbulent (Gnielinski),15.703,31.406,25.596,1.1025
5,5,2,30,100,1.5,26.139,0.23149,0.78707,13.716,65.348,77.795,10.891,11.314,0.77795,0.10891,0.11314,fuel,4645.8,52.51,5776.1,turbulent (Gnielinski),15.703,31.406,25.596,2.3519
6,5,2,30,50,3.2,9.4249,0.26456,0.89951,2.6493,28.275,40.392,4.7124,4.8951,0.80785,0.094249,0.097903,fuel,4645.8,52.51,5776.1,turbulent (Gnielinski),15.703,31.406,25.596,0.47702
6,5,2,30,50,1.5,9.4249,0.26456,0.89951,5.6519,28.275,40.392,4.7124,4.8951,0.80785,0.094249,0.097903,fuel,4645.8,52.51,5776.1,turbulent (Gnielinski),15.703,31.406,25.596,1.0176
6,5,2,30,100,3.2,18.85,0.26456,0.89951,5.2986,56.549,80.785,9.4249,9.7903,0.80785,0.094249,0.097903,fuel,4645.8,52.51,5776.1,turbulent (Gnielinski),15.703,31.406,25.596,0.95404
6,5,2,30,100,1.5,18.85,0.26456,0.89951,11.304,56.549,80.785,9.4249,9.7903,0.80785,0.094249,0.097903,fuel,4645.8,52.51,5776.1,turbulent (Gnielinski),15.703,31.406,25.596,2.0353
8,5,2,30,50,3.2,5.569,0.32208,1.0951,1.9058,22.276,42.431,3.7127,3.8566,0.84861,0.074254,0.077132,fuel,4645.8,52.51,5776.1,turbulent (Gnielinski),15.703,31.406,25.596,0.37582
8,5,2,30,50,1.5,5.569,0.32208,1.0951,4.0656,22.276,42.431,3.7127,3.8566,0.84861,0.074254,0.077132,fuel,4645.8,52.51,5776.1,turbulent (Gnielinski),15.703,31.406,25.596,0.80174
8,5,2,30,100,3.2,11.138,0.32208,1.0951,3.8115,44.552,84.861,7.4254,7.7132,0.84861,0.074254,0.077132,fuel,4645.8,52.51,5776.1,turbulent (Gnielinski),15.703,31.406,25.596,0.75163
8,5,2,30,100,1.5,11.138,0.32208,1.0951,8.1312,44.552,84.861,7.4254,7.7132,0.84861,0.074254,0.077132,fuel,4645.8,52.51,5776.1,turbulent (Gnielinski),15.703,31.406,25.596,1.6035
10,5,2,30,50,3.2,3.6755,0.37039,1.2593,1.4464,18.377,43.755,3.0629,3.1816,0.87511,0.061258,0.063633,fuel,4645.8,52.51,5776.1,turbulent (Gnielinski),15.703,31.406,25.596,0.31004
10,5,2,30,50,1.5,3.6755,0.37039,1.2593,3.0857,18.377,43.755,3.0629,3.1816,0.87511,0.061258,0.063633,fuel,4645.8,52.51,5776.1,turbulent (Gnielinski),15.703,31.406,25.596,0.66142
10,5,2,30,100,3.2,7.3509,0.37039,1.2593,2.8929,36.755,87.511,6.1258,6.3633,0.87511,0.061258,0.063633,fuel,4645.8,52.51,5776.1,turbulent (Gnielinski),15.703,31.406,25.596,0.62008
10,5,2,30,100,1.5,7.3509,0.37039,1.2593,6.1714,36.755,87.511,6.1258,6.3633,0.87511,0.061258,0.063633,fuel,4645.8,52.51,5776.1,turbulent (Gnielinski),15.703,31.406,25.596,1.3228
1,5,2,15,50,3.2,134.31,0.057873,0.19677,8.2586,67.154,15.989,22.385,11.626,0.31978,0.44769,0.23253,graphite,4645.8,52.51,5776.1,turbulent (Gnielinski),15.703,31.406,25.596,1.1329
1,5,2,15,50,1.5,134.31,0.057873,0.19677,17.618,67.154,15.989,22.385,11.626,0.31978,0.44769,0.23253,graphite,4645.8,52.51,5776.1,turbulent (Gnielinski),15.703,31.406,25.596,2.4169
1,5,2,15,100,3.2,268.62,0.057873,0.19677,16.517,134.31,31.978,44.769,23.253,0.31978,0.44769,0.23253,graphite,4645.8,52.51,5776.1,turbulent (Gnielinski),15.703,31.406,25.596,2.2659
1,5,2,15,100,1.5,268.62,0.057873,0.19677,35.237,134.31,31.978,44.769,23.253,0.31978,0.44769,0.23253,graphite,4645.8,52.51,5776.1,turbulent (Gnielinski),15.703,31.406,25.596,4.8339
1.5,5,2,15,50,3.2,77.196,0.084179,0.28621,6.9044,57.897,20.677,19.299,10.024,0.41355,0.38598,0.20047,fuel,4645.8,52.51,5776.1,turbulent (Gnielinski),15.703,31.406,25.596,0.97677
1.5,5,2,15,50,1.5,77.196,0.084179,0.28621,14.729,57.897,20.677,19.299,10.024,0.41355,0.38598,0.20047,fuel,4645.8,52.51,5776.1,turbulent (Gnielinski),15.703,31.406,25.596,2.0838
1.5,5,2,15,100,3.2,154.39,0.084179,0.28621,13.809,115.79,41.355,38.598,20.047,0.41355,0.38598,0.20047,fuel,4645.8,52.51,5776.1,turbulent (Gnielinski),15.703,31.406,25.596,1.9535
1.5,5,2,15,100,1.5,154.39,0.084179,0.28621,29.459,115.79,41.355,38.598,20.047,0.41355,0.38598,0.20047,fuel,4645.8,52.51,5776.1,turbulent (Gnielinski),15.703,31.406,25.596,4.1675
2,5,2,15,50,3.2,50.883,0.10894,0.37039,5.8895,50.883,24.23,16.961,8.8092,0.4846,0.33922,0.17618,fuel,4645.8,52.51,5776.1,turbulent (Gnielinski),15.703,31.406,25.596,0.85843
2,5,2,15,50,1.5,50.883,0.10894,0.37039,12.564,50.883,24.23,16.961,8.8092,0.4846,0.33922,0.17618,fuel,4645.8,52.51,5776.1,turbulent (Gnielinski),15.703,31.406,25.596,1.8313
2,5,2,15,100,3.2,101.77,0.10894,0.37039,11.779,101.77,48.46,33.922,17.618,0.4846,0.33922,0.17618,fuel,4645.8,52.51,5776.1,turbulent (Gnielinski),15.703,31.406,25.596,1.7169
2,5,2,15,100,1.5,101.77,0.10894,0.37039,25.128,101.77,48.46,33.922,17.618,0.4846,0.33922,0.17618,fuel,4645.8,52.51,5776.1,turbulent (Gnielinski),15.703,31.406,25.596,3.6627
3,5,2,15,50,3.2,27.306,0.15433,0.52471,4.4774,40.959,29.256,13.653,7.0911,0.58512,0.27306,0.14182,fuel,4645.8,52.51,5776.1,turbulent (Gnielinski),15.703,31.406,25.596,0.691
3,5,2,15,50,1.5,27.306,0.15433,0.52471,9.5518,40.959,29.256,13.653,7.0911,0.58512,0.27306,0.14182,fuel,4645.8,52.51,5776.1,turbulent (Gnielinski),15.703,31.406,25.596,1.4741
3,5,2,15,100,3.2,54.611,0.15433,0.52471,8.9548,81.917,58.512,27.306,14.182,0.58512,0.27306,0.14182,fuel,4645.8,52.51,5776.1,turbulent (Gnielinski),15.703,31.406,25.596,1.382
3,5,2,15,100,1.5,54.611,0.15433,0.52471,19.104,81.917,58.512,27.306,14.182,0.58512,0.27306,0.14182,fuel,4645.8,52.51,5776.1,turbulent (Gnielinski),15.703,31.406,25.596,2.9483
4,5,2,15,50,3.2,17.137,0.19494,0.6628,3.5495,34.274,32.642,11.425,5.9338,0.65283,0.22849,0.11868,fuel,4645.8,52.51,5776.1,turbulent (Gnielinski),15.703,31.406,25.596,0.57823
4,5,2,15,50,1.5,17.137,0.19494,0.6628,7.5722,34.274,32.642,11.425,5.9338,0.65283,0.22849,0.11868,fuel,4645.8,52.51,5776.1,turbulent (Gnielinski),15.703,31.406,25.596,1.2336
4,5,2,15,100,3.2,34.274,0.19494,0.6628,7.0989,68.547,65.283,22.849,11.868,0.65283,0.22849,0.11868,fuel,4645.8,52.51,5776.1,turbulent (Gnielinski),15.703,31.406,25.596,1.1565
4,5,2,15,100,1.5,34.274,0.19494,0.6628,15.144,68.547,65.283,22.849,11.868,0.65283,0.22849,0.11868,fuel,4645.8,52.51,5776.1,turbulent (Gnielinski),15.703,31.406,25.596,2.4671
5,5,2,15,50,3.2,11.786,0.23149,0.78707,2.8989,29.465,35.077,9.8216,5.1012,0.70154,0.19643,0.10202,fuel,4645.8,52.51,5776.1,turbulent (Gnielinski),15.703,31.406,25.596,0.4971
5,5,2,15,50,1.5,11.786,0.23149,0.78707,6.1843,29.465,35.077,9.8216,5.1012,0.70154,0.19643,0.10202,fuel,4645.8,52.51,5776.1,turbulent (Gnielinski),15.703,31.406,25.596,1.0605
5,5,2,15,100,3.2,23.572,0.23149,0.78707,5.7977,58.93,70.154,19.643,10.202,0.70154,0.19643,0.10202,fuel,4645.8,52.51,5776.1,turbulent (Gnielinski),15.703,31.406,25.596,0.99419
5,5,2,15,100,1.5,23.572,0.23149,0.78707,12.369,58.93,70.154,19.643,10.202,0.70154,0.19643,0.10202,fuel,4645.8,52.51,5776.1,turbulent (Gnielinski),15.703,31.406,25.596,2.1209
6,5,2,15,50,3.2,8.6131,0.26456,0.89951,2.4211,25.839,36.913,8.6131,4.4735,0.73827,0.17226,0.08947,fuel,4645.8,52.51,5776.1,turbulent (Gnielinski),15.703,31.406,25.596,0.43593
6,5,2,15,50,1.5,8.6131,0.26456,0.89951,5.1651,25.839,36.913,8.6131,4.4735,0.73827,0.17226,0.08947,fuel,4645.8,52.51,5776.1,turbulent (Gnielinski),15.703,31.406,25.596,0.92999
6,5,2,15,100,3.2,17.226,0.26456,0.89951,4.8422,51.679,73.827,17.226,8.947,0.73827,0.17226,0.08947,fuel,4645.8,52.51,5776.1,turbulent (Gnielinski),15.703,31.406,25.596,0.87186
6,5,2,15,100,1.5,17.226,0.26456,0.89951,10.33,51.679,73.827,17.226,8.947,0.73827,0.17226,0.08947,fuel,4645.8,52.51,5776.1,turbulent (Gnielinski),15.703,31.406,25.596,1.86
8,5,2,15,50,3.2,5.1841,0.32208,1.0951,1.774,20.736,39.498,6.9121,3.59,0.78996,0.13824,0.071801,fuel,4645.8,52.51,5776.1,turbulent (Gnielinski),15.703,31.406,25.596,0.34984
8,5,2,15,50,1.5,5.1841,0.32208,1.0951,3.7846,20.736,39.498,6.9121,3.59,0.78996,0.13824,0.071801,fuel,4645.8,52.51,5776.1,turbulent (Gnielinski),15.703,31.406,25.596,0.74632
8,5,2,15,100,3.2,10.368,0.32208,1.0951,3.548,41.473,78.996,13.824,7.1801,0.78996,0.13824,0.071801,fuel,4645.8,52.51,5776.1,turbulent (Gnielinski),15.703,31.406,25.596,0.69968
8,5,2,15,100,1.5,10.368,0.32208,1.0951,7.5692,41.473,78.996,13.824,7.1801,0.78996,0.13824,0.071801,fuel,4645.8,52.51,5776.1,turbulent (Gnielinski),15.703,31.406,25.596,1.4926
10,5,2,15,50,3.2,3.4633,0.37039,1.2593,1.3629,17.317,41.23,5.7722,2.998,0.8246,0.11544,0.05996,fuel,4645.8,52.51,5776.1,turbulent (Gnielinski),15.703,31.406,25.596,0.29214
10,5,2,15,50,1.5,3.4633,0.37039,1.2593,2.9076,17.317,41.23,5.7722,2.998,0.8246,0.11544,0.05996,fuel,4645.8,52.51,5776.1,turbulent (Gnielinski),15.703,31.406,25.596,0.62324
10,5,2,15,100,3.2,6.9266,0.37039,1.2593,2.7259,34.633,82.46,11.544,5.996,0.8246,0.11544,0.05996,fuel,4645.8,52.51,5776.1,turbulent (Gnielinski),15.703,31.406,25.596,0.58429
10,5,2,15,100,1.5,6.9266,0.37039,1.2593,5.8152,34.633,82.46,11.544,5.996,0.8246,0.11544,0.05996,fuel,4645.8,52.51,5776.1,turbulent (Gnielinski),15.703,31.406,25.596,1.2465
1,10,0.5,30,50,3.2,41.191,0.044094,0.14992,1.9298,20.595,4.9037,3.4326,41.664,0.098073,0.068651,0.83328,film,2322.9,8.9877,494.32,transitional (blend),0.51987,1.0397,0.84739,0.69492
1,10,0.5,30,50,1.5,41.191,0.044094,0.14992,4.1168,20.595,4.9037,3.4326,41.664,0.098073,0.068651,0.83328,film,2322.9,8.9877,494.32,transitional (blend),0.51987,1.0397,0.84739,1.4825
1,10,0.5,30,100,3.2,82.382,0.044094,0.14992,3.8595,41.191,9.8073,6.8651,83.328,0.098073,0.068651,0.83328,film,2322.9,8.9877,494.32,transitional (blend),0.51987,1.0397,0.84739,1.3898
1,10,0.5,30,100,1.5,82.382,0.044094,0.14992,8.2337,41.191,9.8073,6.8651,83.328,0.098073,0.068651,0.83328,film,2322.9,8.9877,494.32,transitional (blend),0.51987,1.0397,0.84739,2.965
1.5,10,0.5,30,50,3.2,26.177,0.064602,0.21965,1.7968,19.633,7.0117,3.2721,39.716,0.14023,0.065442,0.79432,film,2322.9,8.9877,494.32,transitional (blend),0.51987,1.0397,0.84739,0.66244
1.5,10,0.5,30,50,1.5,26.177,0.064602,0.21965,3.8331,19.633,7.0117,3.2721,39.716,0.14023,0.065442,0.79432,film,2322.9,8.9877,494.32,transitional (blend),0.51987,1.0397,0.84739,1.4132
1.5,10,0.5,30,100,3.2,52.354,0.064602,0.21965,3.5936,39.265,14.023,6.5442,79.432,0.14023,0.065442,0.79432,film,2322.9,8.9877,494.32,transitional (blend),0.51987,1.0397,0.84739,1.3249
1.5,10,0.5,30,100,1.5,52.354,0.064602,0.21965,7.6663,39.265,14.023,6.5442,79.432,0.14023,0.065442,0.79432,film,2322.9,8.9877,494.32,transitional (blend),0.51987,1.0397,0.84739,2.8264
2,10,0.5,30,50,3.2,18.756,0.084179,0.28621,1.6775,18.756,8.9314,3.126,37.943,0.17863,0.06252,0.75885,film,2322.9,8.9877,494.32,transitional (blend),0.51987,1.0397,0.84739,0.63286
2,10,0.5,30,50,1.5,18.756,0.084179,0.28621,3.5787,18.756,8.9314,3.126,37.943,0.17863,0.06252,0.75885,film,2322.9,8.9877,494.32,transitional (blend),0.51987,1.0397,0.84739,1.3501
2,10,0.5,30,100,3.2,37.512,0.084179,0.28621,3.3551,37.512,17.863,6.252,75.885,0.17863,0.06252,0.75885,film,2322.9,8.9877,494.32,transitional (blend),0.51987,1.0397,0.84739,1.2657
2,10,0.5,30,100,1.5,37.512,0.084179,0.28621,7.1575,37.512,17.863,6.252,75.885,0.17863,0.06252,0.75885,film,2322.9,8.9877,494.32,transitional (blend),0.51987,1.0397,0.84739,2.7002
3,10,0.5,30,50,3.2,11.479,0.12078,0.41065,1.473,17.218,12.299,2.8697,34.832,0.24597,0.057394,0.69663,film,2322.9,8.9877,494.32,transitional (blend),0.51987,1.0397,0.84739,0.58097
3,10,0.5,30,50,1.5,11.479,0.12078,0.41065,3.1425,17.218,12.299,2.8697,34.832,0.24597,0.057394,0.69663,film,2322.9,8.9877,494.32,transitional (blend),0.51987,1.0397,0.84739,1.2394
3,10,0.5,30,100,3.2,22.958,0.12078,0.41065,2.9461,34.436,24.597,5.7394,69.663,0.24597,0.057394,0.69663,film,2322.9,8.9877,494.32,transitional (blend),0.51987,1.0397,0.84739,1.1619
3,10,0.5,30,100,1.5,22.958,0.12078,0.41065,6.2849,34.436,24.597,5.7394,69.663,0.24597,0.057394,0.69663,film,2322.9,8.9877,494.32,transitional (blend),0.51987,1.0397,0.84739,2.4788
4,10,0.5,30,50,3.2,7.9567,0.15433,0.52471,1.3047,15.913,15.156,2.6522,32.192,0.30311,0.053045,0.64384,film,2322.9,8.9877,494.32,transitional (blend),0.51987,1.0397,0.84739,0.53694
4,10,0.5,30,50,1.5,7.9567,0.15433,0.52471,2.7833,15.913,15.156,2.6522,32.192,0.30311,0.053045,0.64384,film,2322.9,8.9877,494.32,transitional (blend),0.51987,1.0397,0.84739,1.1455
4,10,0.5,30,100,3.2,15.913,0.15433,0.52471,2.6094,31.827,30.311,5.3045,64.384,0.30311,0.053045,0.64384,film,2322.9,8.9877,494.32,transitional (blend),0.51987,1.0397,0.84739,1.0739
4,10,0.5,30,100,1.5,15.913,0.15433,0.52471,5.5667,31.827,30.311,5.3045,64.384,0.30311,0.053045,0.64384,film,2322.9,8.9877,494.32,transitional (blend),0.51987,1.0397,0.84739,2.291
5,10,0.5,30,50,3.2,5.917,0.18519,0.62966,1.1643,14.792,17.61,2.4654,29.925,0.3522,0.049308,0.59849,film,2322.9,8.9877,494.32,transitional (blend),0.51987,1.0397,0.84739,0.49912
5,10,0.5,30,50,1.5,5.917,0.18519,0.62966,2.4838,14.792,17.61,2.4654,29.925,0.3522,0.049308,0.59849,film,2322.9,8.9877,494.32,transitional (blend),0.51987,1.0397,0.84739,1.0648
5,10,0.5,30,100,3.2,11.834,0.18519,0.62966,2.3285,29.585,35.22,4.9308,59.849,0.3522,0.049308,0.59849,film,2322.9,8.9877,494.32,transitional (blend),0.51987,1.0397,0.84739,0.99824
5,10,0.5,30,100,1.5,11.834,0.18519,0.62966,4.9676,29.585,35.22,4.9308,59.849,0.3522,0.049308,0.59849,film,2322.9,8.9877,494.32,transitional (blend),0.51987,1.0397,0.84739,2.1296
6,10,0.5,30,50,3.2,4.6063,0.21368,0.72653,1.0458,13.819,19.741,2.3032,27.955,0.39483,0.046063,0.55911,film,2322.9,8.9877,494.32,transitional (blend),0.51987,1.0397,0.84739,0.46628
6,10,0.5,30,50,1.5,4.6063,0.21368,0.72653,2.2311,13.819,19.741,2.3032,27.955,0.39483,0.046063,0.55911,film,2322.9,8.9877,494.32,transitional (blend),0.51987,1.0397,0.84739,0.99472
6,10,0.5,30,100,3.2,9.2127,0.21368,0.72653,2.0916,27.638,39.483,4.6063,55.911,0.39483,0.046063,0.55911,film,2322.9,8.9877,494.32,transitional (blend),0.51987,1.0397,0.84739,0.93255
6,10,0.5,30,100,1.5,9.2127,0.21368,0.72653,4.4622,27.638,39.483,4.6063,55.911,0.39483,0.046063,0.55911,film,2322.9,8.9877,494.32,transitional (blend),0.51987,1.0397,0.84739,1.9894
8,10,0.5,30,50,3.2,3.053,0.26456,0.89951,0.85818,12.212,23.261,2.0353,24.704,0.46521,0.040706,0.49408,film,2322.9,8.9877,494.32,transitional (blend),0.51987,1.0397,0.84739,0.41205
8,10,0.5,30,50,1.5,3.053,0.26456,0.89951,1.8308,12.212,23.261,2.0353,24.704,0.46521,0.040706,0.49408,film,2322.9,8.9877,494.32,transitional (blend),0.51987,1.0397,0.84739,0.87903
8,10,0.5,30,100,3.2,6.1059,0.26456,0.89951,1.7164,24.424,46.521,4.0706,49.408,0.46521,0.040706,0.49408,film,2322.9,8.9877,494.32,transitional (blend),0.51987,1.0397,0.84739,0.82409
8,10,0.5,30,100,1.5,6.1059,0.26456,0.89951,3.6616,24.424,46.521,4.0706,49.408,0.46521,0.040706,0.49408,film,2322.9,8.9877,494.32,transitional (blend),0.51987,1.0397,0.84739,1.7581
10,10,0.5,30,50,3.2,2.1879,0.30866,1.0494,0.71752,10.94,26.046,1.8233,22.13,0.52093,0.036465,0.44261,fuel,2322.9,8.9877,494.32,transitional (blend),0.51987,1.0397,0.84739,0.36912
10,10,0.5,30,50,1.5,2.1879,0.30866,1.0494,1.5307,10.94,26.046,1.8233,22.13,0.52093,0.036465,0.44261,fuel,2322.9,8.9877,494.32,transitional (blend),0.51987,1.0397,0.84739,0.78745
10,10,0.5,30,100,3.2,4.3758,0.30866,1.0494,1.435,21.879,52.093,3.6465,44.261,0.52093,0.036465,0.44261,fuel,2322.9,8.9877,494.32,transitional (blend),0.51987,1.0397,0.84739,0.73824
10,10,0.5,30,100,1.5,4.3758,0.30866,1.0494,3.0614,21.879,52.093,3.6465,44.261,0.52093,0.036465,0.44261,fuel,2322.9,8.9877,494.32,transitional (blend),0.51987,1.0397,0.84739,1.5749
1,10,0.5,15,50,3.2,38.545,0.044094,0.14992,1.8058,19.272,4.5887,6.4241,38.987,0.091773,0.12848,0.77974,film,2322.9,8.9877,494.32,transitional (blend),0.51987,1.0397,0.84739,0.65028
1,10,0.5,15,50,1.5,38.545,0.044094,0.14992,3.8524,19.272,4.5887,6.4241,38.987,0.091773,0.12848,0.77974,film,2322.9,8.9877,494.32,transitional (blend),0.51987,1.0397,0.84739,1.3873
1,10,0.5,15,100,3.2,77.089,0.044094,0.14992,3.6116,38.545,9.1773,12.848,77.974,0.091773,0.12848,0.77974,film,2322.9,8.9877,494.32,transitional (blend),0.51987,1.0397,0.84739,1.3006
1,10,0.5,15,100,1.5,77.089,0.044094,0.14992,7.7047,38.545,9.1773,12.848,77.974,0.091773,0.12848,0.77974,film,2322.9,8.9877,494.32,transitional (blend),0.51987,1.0397,0.84739,2.7745
1.5,10,0.5,15,50,3.2,24.569,0.064602,0.21965,1.6864,18.427,6.581,6.1423,37.277,0.13162,0.12285,0.74553,film,2322.9,8.9877,494.32,transitional (blend),0.51987,1.0397,0.84739,0.62175
1.5,10,0.5,15,50,1.5,24.569,0.064602,0.21965,3.5977,18.427,6.581,6.1423,37.277,0.13162,0.12285,0.74553,film,2322.9,8.9877,494.32,transitional (blend),0.51987,1.0397,0.84739,1.3264
1.5,10,0.5,15,100,3.2,49.138,0.064602,0.21965,3.3728,36.854,13.162,12.285,74.553,0.13162,0.12285,0.74553,film,2322.9,8.9877,494.32,transitional (blend),0.51987,1.0397,0.84739,1.2435
1.5,10,0.5,15,100,1.5,49.138,0.064602,0.21965,7.1954,36.854,13.162,12.285,74.553,0.13162,0.12285,0.74553,film,2322.9,8.9877,494.32,transitional (blend),0.51987,1.0397,0.84739,2.6528
2,10,0.5,15,50,3.2,17.652,0.084179,0.28621,1.5788,17.652,8.4059,5.8841,35.71,0.16812,0.11768,0.7142,film,2322.9,8.9877,494.32,transitional (blend),0.51987,1.0397,0.84739,0.59562
2,10,0.5,15,50,1.5,17.652,0.084179,0.28621,3.3682,17.652,8.4059,5.8841,35.71,0.16812,0.11768,0.7142,film,2322.9,8.9877,494.32,transitional (blend),0.51987,1.0397,0.84739,1.2707
2,10,0.5,15,100,3.2,35.305,0.084179,0.28621,3.1576,35.305,16.812,11.768,71.42,0.16812,0.11768,0.7142,film,2322.9,8.9877,494.32,transitional (blend),0.51987,1.0397,0.84739,1.1912
2,10,0.5,15,100,1.5,35.305,0.084179,0.28621,6.7363,35.305,16.812,11.768,71.42,0.16812,0.11768,0.7142,film,2322.9,8.9877,494.32,transitional (blend),0.51987,1.0397,0.84739,2.5413
3,10,0.5,15,50,3.2,10.856,0.12078,0.41065,1.3931,16.284,11.631,5.4279,32.941,0.23262,0.10856,0.65882,film,2322.9,8.9877,494.32,transitional (blend),0.51987,1.0397,0.84739,0.54943
3,10,0.5,15,50,1.5,10.856,0.12078,0.41065,2.9719,16.284,11.631,5.4279,32.941,0.23262,0.10856,0.65882,film,2322.9,8.9877,494.32,transitional (blend),0.51987,1.0397,0.84739,1.1721
3,10,0.5,15,100,3.2,21.711,0.12078,0.41065,2.7862,32.567,23.262,10.856,65.882,0.23262,0.10856,0.65882,film,2322.9,8.9877,494.32,transitional (blend),0.51987,1.0397,0.84739,1.0989
3,10,0.5,15,100,1.5,21.711,0.12078,0.41065,5.9438,32.567,23.262,10.856,65.882,0.23262,0.10856,0.65882,film,2322.9,8.9877,494.32,transitional (blend),0.51987,1.0397,0.84739,2.3443
4,10,0.5,15,50,3.2,7.5559,0.15433,0.52471,1.239,15.112,14.392,5.0373,30.571,0.28784,0.10075,0.61141,film,2322.9,8.9877,494.32,transitional (blend),0.51987,1.0397,0.84739,0.5099
4,10,0.5,15,50,1.5,7.5559,0.15433,0.52471,2.6431,15.112,14.392,5.0373,30.571,0.28784,0.10075,0.61141,film,2322.9,8.9877,494.32,transitional (blend),0.51987,1.0397,0.84739,1.0878
4,10,0.5,15,100,3.2,15.112,0.15433,0.52471,2.4779,30.224,28.784,10.075,61.141,0.28784,0.10075,0.61141,film,2322.9,8.9877,494.32,transitional (blend),0.51987,1.0397,0.84739,1.0198
4,10,0.5,15,100,1.5,15.112,0.15433,0.52471,5.2862,30.224,28.784,10.075,61.141,0.28784,0.10075,0.61141,film,2322.9,8.9877,494.32,transitional (blend),0.51987,1.0397,0.84739,2.1756
5,10,0.5,15,50,3.2,5.6389,0.18519,0.62966,1.1096,14.097,16.783,4.6991,28.518,0.33565,0.093982,0.57037,film,2322.9,8.9877,494.32,transitional (blend),0.51987,1.0397,0.84739,0.47567
5,10,0.5,15,50,1.5,5.6389,0.18519,0.62966,2.3671,14.097,16.783,4.6991,28.518,0.33565,0.093982,0.57037,film,2322.9,8.9877,494.32,transitional (blend),0.51987,1.0397,0.84739,1.0148
5,10,0.5,15,100,3.2,11.278,0.18519,0.62966,2.2191,28.195,33.565,9.3982,57.037,0.33565,0.093982,0.57037,film,2322.9,8.9877,494.32,transitional (blend),0.51987,1.0397,0.84739,0.95133
5,10,0.5,15,100,1.5,11.278,0.18519,0.62966,4.7341,28.195,33.565,9.3982,57.037,0.33565,0.093982,0.57037,film,2322.9,8.9877,494.32,transitional (blend),0.51987,1.0397,0.84739,2.0295
6,10,0.5,15,50,3.2,4.4035,0.21368,0.72653,0.99977,13.21,18.872,4.4035,26.724,0.37744,0.08807,0.53449,film,2322.9,8.9877,494.32,transitional (blend),0.51987,1.0397,0.84739,0.44574
6,10,0.5,15,50,1.5,4.4035,0.21368,0.72653,2.1328,13.21,18.872,4.4035,26.724,0.37744,0.08807,0.53449,film,2322.9,8.9877,494.32,transitional (blend),0.51987,1.0397,0.84739,0.95092
6,10,0.5,15,100,3.2,8.807,0.21368,0.72653,1.9995,26.421,37.744,8.807,53.449,0.37744,0.08807,0.53449,film,2322.9,8.9877,494.32,transitional (blend),0.51987,1.0397,0.84739,0.89149
6,10,0.5,15,100,1.5,8.807,0.21368,0.72653,4.2657,26.421,37.744,8.807,53.449,0.37744,0.08807,0.53449,film,2322.9,8.9877,494.32,transitional (blend),0.51987,1.0397,0.84739,1.9018
8,10,0.5,15,50,3.2,2.9335,0.26456,0.89951,0.82461,11.734,22.351,3.9114,23.738,0.44702,0.078228,0.47476,film,2322.9,8.9877,494.32,transitional (blend),0.51987,1.0397,0.84739,0.39593
8,10,0.5,15,50,1.5,2.9335,0.26456,0.89951,1.7592,11.734,22.351,3.9114,23.738,0.44702,0.078228,0.47476,film,2322.9,8.9877,494.32,transitional (blend),0.51987,1.0397,0.84739,0.84465
8,10,0.5,15,100,3.2,5.8671,0.26456,0.89951,1.6492,23.468,44.702,7.8228,47.476,0.44702,0.078228,0.47476,film,2322.9,8.9877,494.32,transitional (blend),0.51987,1.0397,0.84739,0.79186
8,10,0.5,15,100,1.5,5.8671,0.26456,0.89951,3.5183,23.468,44.702,7.8228,47.476,0.44702,0.078228,0.47476,film,2322.9,8.9877,494.32,transitional (blend),0.51987,1.0397,0.84739,1.6893
10,10,0.5,15,50,3.2,2.1109,0.30866,1.0494,0.69227,10.555,25.13,3.5182,21.352,0.5026,0.070364,0.42703,fuel,2322.9,8.9877,494.32,transitional (blend),0.51987,1.0397,0.84739,0.35613
10,10,0.5,15,50,1.5,2.1109,0.30866,1.0494,1.4768,10.555,25.13,3.5182,21.352,0.5026,0.070364,0.42703,fuel,2322.9,8.9877,494.32,transitional (blend),0.51987,1.0397,0.84739,0.75975
10,10,0.5,15,100,3.2,4.2219,0.30866,1.0494,1.3845,21.109,50.26,7.0364,42.703,0.5026,0.070364,0.42703,fuel,2322.9,8.9877,494.32,transitional (blend),0.51987,1.0397,0.84739,0.71226
10,10,0.5,15,100,1.5,4.2219,0.30866,1.0494,2.9537,21.109,50.26,7.0364,42.703,0.5026,0.070364,0.42703,fuel,2322.9,8.9877,494.32,transitional (blend),0.51987,1.0397,0.84739,1.5195
1,10,1,30,50,3.2,133.15,0.044094,0.14992,6.2381,66.576,15.851,11.096,23.052,0.31703,0.22192,0.46105,film,4645.8,52.51,2888,turbulent (Gnielinski),1.9629,3.9257,3.1995,1.1232
1,10,1,30,50,1.5,133.15,0.044094,0.14992,13.308,66.576,15.851,11.096,23.052,0.31703,0.22192,0.46105,film,4645.8,52.51,2888,turbulent (Gnielinski),1.9629,3.9257,3.1995,2.3962
1,10,1,30,100,3.2,266.31,0.044094,0.14992,12.476,133.15,31.703,22.192,46.105,0.31703,0.22192,0.46105,film,4645.8,52.51,2888,turbulent (Gnielinski),1.9629,3.9257,3.1995,2.2464
1,10,1,30,100,1.5,266.31,0.044094,0.14992,26.616,133.15,31.703,22.192,46.105,0.31703,0.22192,0.46105,film,4645.8,52.51,2888,turbulent (Gnielinski),1.9629,3.9257,3.1995,4.7923
1.5,10,1,30,50,3.2,76.623,0.064602,0.21965,5.2594,57.467,20.524,9.5778,19.898,0.41048,0.19156,0.39797,fuel,4645.8,52.51,2888,turbulent (Gnielinski),1.9629,3.9257,3.1995,0.96951
1.5,10,1,30,50,1.5,76.623,0.064602,0.21965,11.22,57.467,20.524,9.5778,19.898,0.41048,0.19156,0.39797,fuel,4645.8,52.51,2888,turbulent (Gnielinski),1.9629,3.9257,3.1995,2.0683
1.5,10,1,30,100,3.2,153.25,0.064602,0.21965,10.519,114.93,41.048,19.156,39.797,0.41048,0.19156,0.39797,fuel,4645.8,52.51,2888,turbulent (Gnielinski),1.9629,3.9257,3.1995,1.939
1.5,10,1,30,100,1.5,153.25,0.064602,0.21965,22.44,114.93,41.048,19.156,39.797,0.41048,0.19156,0.39797,fuel,4645.8,52.51,2888,turbulent (Gnielinski),1.9629,3.9257,3.1995,4.1366
2,10,1,30,50,3.2,50.55,0.084179,0.28621,4.5212,50.55,24.072,8.4251,17.503,0.48143,0.1685,0.35007,fuel,4645.8,52.51,2888,turbulent (Gnielinski),1.9629,3.9257,3.1995,0.85283
2,10,1,30,50,1.5,50.55,0.084179,0.28621,9.6453,50.55,24.072,8.4251,17.503,0.48143,0.1685,0.35007,fuel,4645.8,52.51,2888,turbulent (Gnielinski),1.9629,3.9257,3.1995,1.8194
2,10,1,30,100,3.2,101.1,0.084179,0.28621,9.0424,101.1,48.143,16.85,35.007,0.48143,0.1685,0.35007,fuel,4645.8,52.51,2888,turbulent (Gnielinski),1.9629,3.9257,3.1995,1.7057
2,10,1,30,100,1.5,101.1,0.084179,0.28621,19.291,101.1,48.143,16.85,35.007,0.48143,0.1685,0.35007,fuel,4645.8,52.51,2888,turbulent (Gnielinski),1.9629,3.9257,3.1995,3.6387
3,10,1,30,50,3.2,27.162,0.12078,0.41065,3.4856,40.743,29.102,6.7905,14.107,0.58204,0.13581,0.28215,fuel,4645.8,52.51,2888,turbulent (Gnielinski),1.9629,3.9257,3.1995,0.68737
3,10,1,30,50,1.5,27.162,0.12078,0.41065,7.436,40.743,29.102,6.7905,14.107,0.58204,0.13581,0.28215,fuel,4645.8,52.51,2888,turbulent (Gnielinski),1.9629,3.9257,3.1995,1.4664
3,10,1,30,100,3.2,54.324,0.12078,0.41065,6.9712,81.486,58.204,13.581,28.215,0.58204,0.13581,0.28215,fuel,4645.8,52.51,2888,turbulent (Gnielinski),1.9629,3.9257,3.1995,1.3747
3,10,1,30,100,1.5,54.324,0.12078,0.41065,14.872,81.486,58.204,13.581,28.215,0.58204,0.13581,0.28215,fuel,4645.8,52.51,2888,turbulent (Gnielinski),1.9629,3.9257,3.1995,2.9328
4,10,1,30,50,3.2,17.061,0.15433,0.52471,2.7976,34.123,32.498,5.6871,11.815,0.64995,0.11374,0.2363,fuel,4645.8,52.51,2888,turbulent (Gnielinski),1.9629,3.9257,3.1995,0.57568
4,10,1,30,50,1.5,17.061,0.15433,0.52471,5.9682,34.123,32.498,5.6871,11.815,0.64995,0.11374,0.2363,fuel,4645.8,52.51,2888,turbulent (Gnielinski),1.9629,3.9257,3.1995,1.2281
4,10,1,30,100,3.2,34.123,0.15433,0.52471,5.5952,68.245,64.995,11.374,23.63,0.64995,0.11374,0.2363,fuel,4645.8,52.51,2888,turbulent (Gnielinski),1.9629,3.9257,3.1995,1.1514
4,10,1,30,100,1.5,34.123,0.15433,0.52471,11.936,68.245,64.995,11.374,23.63,0.64995,0.11374,0.2363,fuel,4645.8,52.51,2888,turbulent (Gnielinski),1.9629,3.9257,3.1995,2.4562
5,10,1,30,50,3.2,11.741,0.18519,0.62966,2.3103,29.353,34.944,4.8922,10.164,0.69888,0.097844,0.20327,fuel,4645.8,52.51,2888,turbulent (Gnielinski),1.9629,3.9257,3.1995,0.49521
5,10,1,30,50,1.5,11.741,0.18519,0.62966,4.9286,29.353,34.944,4.8922,10.164,0.69888,0.097844,0.20327,fuel,4645.8,52.51,2888,turbulent (Gnielinski),1.9629,3.9257,3.1995,1.0564
5,10,1,30,100,3.2,23.482,0.18519,0.62966,4.6206,58.706,69.888,9.7844,20.327,0.69888,0.097844,0.20327,fuel,4645.8,52.51,2888,turbulent (Gnielinski),1.9629,3.9257,3.1995,0.99042
5,10,1,30,100,1.5,23.482,0.18519,0.62966,9.8573,58.706,69.888,9.7844,20.327,0.69888,0.097844,0.20327,fuel,4645.8,52.51,2888,turbulent (Gnielinski),1.9629,3.9257,3.1995,2.1129
6,10,1,30,50,3.2,8.5845,0.21368,0.72653,1.949,25.753,36.791,4.2922,8.9173,0.73581,0.085845,0.17835,fuel,4645.8,52.51,2888,turbulent (Gnielinski),1.9629,3.9257,3.1995,0.43448
6,10,1,30,50,1.5,8.5845,0.21368,0.72653,4.1579,25.753,36.791,4.2922,8.9173,0.73581,0.085845,0.17835,fuel,4645.8,52.51,2888,turbulent (Gnielinski),1.9629,3.9257,3.1995,0.92689
6,10,1,30,100,3.2,17.169,0.21368,0.72653,3.898,51.507,73.581,8.5845,17.835,0.73581,0.085845,0.17835,fuel,4645.8,52.51,2888,turbulent (Gnielinski),1.9629,3.9257,3.1995,0.86896
6,10,1,30,100,1.5,17.169,0.21368,0.72653,8.3158,51.507,73.581,8.5845,17.835,0.73581,0.085845,0.17835,fuel,4645.8,52.51,2888,turbulent (Gnielinski),1.9629,3.9257,3.1995,1.8538
8,10,1,30,50,3.2,5.1702,0.26456,0.89951,1.4533,20.681,39.392,3.4468,7.1609,0.78785,0.068936,0.14322,fuel,4645.8,52.51,2888,turbulent (Gnielinski),1.9629,3.9257,3.1995,0.3489
8,10,1,30,50,1.5,5.1702,0.26456,0.89951,3.1005,20.681,39.392,3.4468,7.1609,0.78785,0.068936,0.14322,fuel,4645.8,52.51,2888,turbulent (Gnielinski),1.9629,3.9257,3.1995,0.74433
8,10,1,30,100,3.2,10.34,0.26456,0.89951,2.9067,41.362,78.785,6.8936,14.322,0.78785,0.068936,0.14322,fuel,4645.8,52.51,2888,turbulent (Gnielinski),1.9629,3.9257,3.1995,0.69781
8,10,1,30,100,1.5,10.34,0.26456,0.89951,6.2009,41.362,78.785,6.8936,14.322,0.78785,0.068936,0.14322,fuel,4645.8,52.51,2888,turbulent (Gnielinski),1.9629,3.9257,3.1995,1.4887
10,10,1,30,50,3.2,3.4556,0.30866,1.0494,1.1332,17.278,41.138,2.8796,5.9826,0.82276,0.057593,0.11965,fuel,4645.8,52.51,2888,turbulent (Gnielinski),1.9629,3.9257,3.1995,0.29149
10,10,1,30,50,1.5,3.4556,0.30866,1.0494,2.4176,17.278,41.138,2.8796,5.9826,0.82276,0.057593,0.11965,fuel,4645.8,52.51,2888,turbulent (Gnielinski),1.9629,3.9257,3.1995,0.62185
10,10,1,30,100,3.2,6.9111,0.30866,1.0494,2.2665,34.556,82.276,5.7593,11.965,0.82276,0.057593,0.11965,fuel,4645.8,52.51,2888,turbulent (Gnielinski),1.9629,3.9257,3.1995,0.58298
10,10,1,30,100,1.5,6.9111,0.30866,1.0494,4.8352,34.556,82.276,5.7593,11.965,0.82276,0.057593,0.11965,fuel,4645.8,52.51,2888,turbulent (Gnielinski),1.9629,3.9257,3.1995,1.2437
1,10,1,15,50,3.2,108.97,0.044094,0.14992,5.1052,54.485,12.973,18.162,18.866,0.25945,0.36323,0.37732,film,4645.8,52.51,2888,turbulent (Gnielinski),1.9629,3.9257,3.1995,0.91921
1,10,1,15,50,1.5,108.97,0.044094,0.14992,10.891,54.485,12.973,18.162,18.866,0.25945,0.36323,0.37732,film,4645.8,52.51,2888,turbulent (Gnielinski),1.9629,3.9257,3.1995,1.961
1,10,1,15,100,3.2,217.94,0.044094,0.14992,10.21,108.97,25.945,36.323,37.732,0.25945,0.36323,0.37732,film,4645.8,52.51,2888,turbulent (Gnielinski),1.9629,3.9257,3.1995,1.8384
1,10,1,15,100,1.5,217.94,0.044094,0.14992,21.782,108.97,25.945,36.323,37.732,0.25945,0.36323,0.37732,film,4645.8,52.51,2888,turbulent (Gnielinski),1.9629,3.9257,3.1995,3.9219
1.5,10,1,15,50,3.2,64.305,0.064602,0.21965,4.4139,48.228,17.224,16.076,16.699,0.34449,0.32152,0.33399,fuel,4645.8,52.51,2888,turbulent (Gnielinski),1.9629,3.9257,3.1995,0.81365
1.5,10,1,15,50,1.5,64.305,0.064602,0.21965,9.4163,48.228,17.224,16.076,16.699,0.34449,0.32152,0.33399,fuel,4645.8,52.51,2888,turbulent (Gnielinski),1.9629,3.9257,3.1995,1.7358
1.5,10,1,15,100,3.2,128.61,0.064602,0.21965,8.8277,96.457,34.449,32.152,33.399,0.34449,0.32152,0.33399,fuel,4645.8,52.51,2888,turbulent (Gnielinski),1.9629,3.9257,3.1995,1.6273
1.5,10,1,15,100,1.5,128.61,0.064602,0.21965,18.833,96.457,34.449,32.152,33.399,0.34449,0.32152,0.33399,fuel,4645.8,52.51,2888,turbulent (Gnielinski),1.9629,3.9257,3.1995,3.4716
2,10,1,15,50,3.2,43.261,0.084179,0.28621,3.8692,43.261,20.6,14.42,14.979,0.41201,0.28841,0.29959,fuel,4645.8,52.51,2888,turbulent (Gnielinski),1.9629,3.9257,3.1995,0.72985
2,10,1,15,50,1.5,43.261,0.084179,0.28621,8.2544,43.261,20.6,14.42,14.979,0.41201,0.28841,0.29959,fuel,4645.8,52.51,2888,turbulent (Gnielinski),1.9629,3.9257,3.1995,1.557
2,10,1,15,100,3.2,86.522,0.084179,0.28621,7.7385,86.522,41.201,28.841,29.959,0.41201,0.28841,0.29959,fuel,4645.8,52.51,2888,turbulent (Gnielinski),1.9629,3.9257,3.1995,1.4597
2,10,1,15,100,1.5,86.522,0.084179,0.28621,16.509,86.522,41.201,28.841,29.959,0.41201,0.28841,0.29959,fuel,4645.8,52.51,2888,turbulent (Gnielinski),1.9629,3.9257,3.1995,3.114
3,10,1,15,50,3.2,23.914,0.12078,0.41065,3.0688,35.871,25.622,11.957,12.421,0.51245,0.23914,0.24841,fuel,4645.8,52.51,2888,turbulent (Gnielinski),1.9629,3.9257,3.1995,0.60518
3,10,1,15,50,1.5,23.914,0.12078,0.41065,6.5468,35.871,25.622,11.957,12.421,0.51245,0.23914,0.24841,fuel,4645.8,52.51,2888,turbulent (Gnielinski),1.9629,3.9257,3.1995,1.291
3,10,1,15,100,3.2,47.828,0.12078,0.41065,6.1377,71.742,51.245,23.914,24.841,0.51245,0.23914,0.24841,fuel,4645.8,52.51,2888,turbulent (Gnielinski),1.9629,3.9257,3.1995,1.2104
3,10,1,15,100,1.5,47.828,0.12078,0.41065,13.094,71.742,51.245,23.914,24.841,0.51245,0.23914,0.24841,fuel,4645.8,52.51,2888,turbulent (Gnielinski),1.9629,3.9257,3.1995,2.5821
4,10,1,15,50,3.2,15.319,0.15433,0.52471,2.5119,30.638,29.179,10.213,10.609,0.58358,0.20425,0.21217,fuel,4645.8,52.51,2888,turbulent (Gnielinski),1.9629,3.9257,3.1995,0.51689
4,10,1,15,50,1.5,15.319,0.15433,0.52471,5.3587,30.638,29.179,10.213,10.609,0.58358,0.20425,0.21217,fuel,4645.8,52.51,2888,turbulent (Gnielinski),1.9629,3.9257,3.1995,1.1027
4,10,1,15,100,3.2,30.638,0.15433,0.52471,5.0238,61.276,58.358,20.425,21.217,0.58358,0.20425,0.21217,fuel,4645.8,52.51,2888,turbulent (Gnielinski),1.9629,3.9257,3.1995,1.0338
4,10,1,15,100,1.5,30.638,0.15433,0.52471,10.717,61.276,58.358,20.425,21.217,0.58358,0.20425,0.21217,fuel,4645.8,52.51,2888,turbulent (Gnielinski),1.9629,3.9257,3.1995,2.2054
5,10,1,15,50,3.2,10.695,0.18519,0.62966,2.1044,26.737,31.83,8.9123,9.2579,0.6366,0.17825,0.18516,fuel,4645.8,52.51,2888,turbulent (Gnielinski),1.9629,3.9257,3.1995,0.45108
5,10,1,15,50,1.5,10.695,0.18519,0.62966,4.4894,26.737,31.83,8.9123,9.2579,0.6366,0.17825,0.18516,fuel,4645.8,52.51,2888,turbulent (Gnielinski),1.9629,3.9257,3.1995,0.9623
5,10,1,15,100,3.2,21.39,0.18519,0.62966,4.2088,53.474,63.66,17.825,18.516,0.6366,0.17825,0.18516,fuel,4645.8,52.51,2888,turbulent (Gnielinski),1.9629,3.9257,3.1995,0.90215
5,10,1,15,100,1.5,21.39,0.18519,0.62966,8.9788,53.474,63.66,17.825,18.516,0.6366,0.17825,0.18516,fuel,4645.8,52.51,2888,turbulent (Gnielinski),1.9629,3.9257,3.1995,1.9246
6,10,1,15,50,3.2,7.9058,0.21368,0.72653,1.7949,23.717,33.882,7.9058,8.2123,0.67764,0.15812,0.16425,fuel,4645.8,52.51,2888,turbulent (Gnielinski),1.9629,3.9257,3.1995,0.40013
6,10,1,15,50,1.5,7.9058,0.21368,0.72653,3.8292,23.717,33.882,7.9058,8.2123,0.67764,0.15812,0.16425,fuel,4645.8,52.51,2888,turbulent (Gnielinski),1.9629,3.9257,3.1995,0.85361
6,10,1,15,100,3.2,15.812,0.21368,0.72653,3.5899,47.435,67.764,15.812,16.425,0.67764,0.15812,0.16425,fuel,4645.8,52.51,2888,turbulent (Gnielinski),1.9629,3.9257,3.1995,0.80026
6,10,1,15,100,1.5,15.812,0.21368,0.72653,7.6584,47.435,67.764,15.812,16.425,0.67764,0.15812,0.16425,fuel,4645.8,52.51,2888,turbulent (Gnielinski),1.9629,3.9257,3.1995,1.7072
8,10,1,15,50,3.2,4.8368,0.26456,0.89951,1.3596,19.347,36.852,6.4491,6.6991,0.73704,0.12898,0.13398,fuel,4645.8,52.51,2888,turbulent (Gnielinski),1.9629,3.9257,3.1995,0.3264
8,10,1,15,50,1.5,4.8368,0.26456,0.89951,2.9005,19.347,36.852,6.4491,6.6991,0.73704,0.12898,0.13398,fuel,4645.8,52.51,2888,turbulent (Gnielinski),1.9629,3.9257,3.1995,0.69633
8,10,1,15,100,3.2,9.6736,0.26456,0.89951,2.7192,38.694,73.704,12.898,13.398,0.73704,0.12898,0.13398,fuel,4645.8,52.51,2888,turbulent (Gnielinski),1.9629,3.9257,3.1995,0.65281
8,10,1,15,100,1.5,9.6736,0.26456,0.89951,5.801,38.694,73.704,12.898,13.398,0.73704,0.12898,0.13398,fuel,4645.8,52.51,2888,turbulent (Gnielinski),1.9629,3.9257,3.1995,1.3927
10,10,1,15,50,3.2,3.2674,0.30866,1.0494,1.0715,16.337,38.898,5.4457,5.6568,0.77795,0.10891,0.11314,fuel,4645.8,52.51,2888,turbulent (Gnielinski),1.9629,3.9257,3.1995,0.27562
10,10,1,15,50,1.5,3.2674,0.30866,1.0494,2.2859,16.337,38.898,5.4457,5.6568,0.77795,0.10891,0.11314,fuel,4645.8,52.51,2888,turbulent (Gnielinski),1.9629,3.9257,3.1995,0.58799
10,10,1,15,100,3.2,6.5348,0.30866,1.0494,2.1431,32.674,77.795,10.891,11.314,0.77795,0.10891,0.11314,fuel,4645.8,52.51,2888,turbulent (Gnielinski),1.9629,3.9257,3.1995,0.55124
10,10,1,15,100,1.5,6.5348,0.30866,1.0494,4.5719,32.674,77.795,10.891,11.314,0.77795,0.10891,0.11314,fuel,4645.8,52.51,2888,turbulent (Gnielinski),1.9629,3.9257,3.1995,1.176
1,10,2,30,50,3.2,173.47,0.044094,0.14992,8.127,86.735,20.651,14.456,14.893,0.41302,0.28912,0.29786,fuel,9291.5,105.89,5823.8,turbulent (Gnielinski),6.3856,12.771,10.409,0.73164
1,10,2,30,50,1.5,173.47,0.044094,0.14992,17.338,86.735,20.651,14.456,14.893,0.41302,0.28912,0.29786,fuel,9291.5,105.89,5823.8,turbulent (Gnielinski),6.3856,12.771,10.409,1.5608
1,10,2,30,100,3.2,346.94,0.044094,0.14992,16.254,173.47,41.302,28.912,29.786,0.41302,0.28912,0.29786,fuel,9291.5,105.89,5823.8,turbulent (Gnielinski),6.3856,12.771,10.409,1.4633
1,10,2,30,100,1.5,346.94,0.044094,0.14992,34.675,173.47,41.302,28.912,29.786,0.41302,0.28912,0.29786,fuel,9291.5,105.89,5823.8,turbulent (Gnielinski),6.3856,12.771,10.409,3.1217
1.5,10,2,30,50,3.2,95.852,0.064602,0.21965,6.5793,71.889,25.675,11.981,12.344,0.51349,0.23963,0.24688,fuel,9291.5,105.89,5823.8,turbulent (Gnielinski),6.3856,12.771,10.409,0.60641
1.5,10,2,30,50,1.5,95.852,0.064602,0.21965,14.036,71.889,25.675,11.981,12.344,0.51349,0.23963,0.24688,fuel,9291.5,105.89,5823.8,turbulent (Gnielinski),6.3856,12.771,10.409,1.2937
1.5,10,2,30,100,3.2,191.7,0.064602,0.21965,13.159,143.78,51.349,23.963,24.688,0.51349,0.23963,0.24688,fuel,9291.5,105.89,5823.8,turbulent (Gnielinski),6.3856,12.771,10.409,1.2128
1.5,10,2,30,100,1.5,191.7,0.064602,0.21965,28.072,143.78,51.349,23.963,24.688,0.51349,0.23963,0.24688,fuel,9291.5,105.89,5823.8,turbulent (Gnielinski),6.3856,12.771,10.409,2.5874
2,10,2,30,50,3.2,61.382,0.084179,0.28621,5.49,61.382,29.23,10.23,10.54,0.58459,0.20461,0.2108,fuel,9291.5,105.89,5823.8,turbulent (Gnielinski),6.3856,12.771,10.409,0.51779
2,10,2,30,50,1.5,61.382,0.084179,0.28621,11.712,61.382,29.23,10.23,10.54,0.58459,0.20461,0.2108,fuel,9291.5,105.89,5823.8,turbulent (Gnielinski),6.3856,12.771,10.409,1.1046
2,10,2,30,100,3.2,122.76,0.084179,0.28621,10.98,122.76,58.459,20.461,21.08,0.58459,0.20461,0.2108,fuel,9291.5,105.89,5823.8,turbulent (Gnielinski),6.3856,12.771,10.409,1.0356
2,10,2,30,100,1.5,122.76,0.084179,0.28621,23.424,122.76,58.459,20.461,21.08,0.58459,0.20461,0.2108,fuel,9291.5,105.89,5823.8,turbulent (Gnielinski),6.3856,12.771,10.409,2.2092
3,10,2,30,50,3.2,31.666,0.12078,0.41065,4.0636,47.499,33.928,7.9164,8.1559,0.67855,0.15833,0.16312,fuel,9291.5,105.89,5823.8,turbulent (Gnielinski),6.3856,12.771,10.409,0.40067
3,10,2,30,50,1.5,31.666,0.12078,0.41065,8.669,47.499,33.928,7.9164,8.1559,0.67855,0.15833,0.16312,fuel,9291.5,105.89,5823.8,turbulent (Gnielinski),6.3856,12.771,10.409,0.85477
3,10,2,30,100,3.2,63.332,0.12078,0.41065,8.1271,94.997,67.855,15.833,16.312,0.67855,0.15833,0.16312,fuel,9291.5,105.89,5823.8,turbulent (Gnielinski),6.3856,12.771,10.409,0.80134
3,10,2,30,100,1.5,63.332,0.12078,0.41065,17.338,94.997,67.855,15.833,16.312,0.67855,0.15833,0.16312,fuel,9291.5,105.89,5823.8,turbulent (Gnielinski),6.3856,12.771,10.409,1.7095
4,10,2,30,50,3.2,19.368,0.15433,0.52471,3.1759,38.737,36.892,6.4562,6.6515,0.73785,0.12912,0.13303,fuel,9291.5,105.89,5823.8,turbulent (Gnielinski),6.3856,12.771,10.409,0.32676
4,10,2,30,50,1.5,19.368,0.15433,0.52471,6.7753,38.737,36.892,6.4562,6.6515,0.73785,0.12912,0.13303,fuel,9291.5,105.89,5823.8,turbulent (Gnielinski),6.3856,12.771,10.409,0.69709
4,10,2,30,100,3.2,38.737,0.15433,0.52471,6.3518,77.474,73.785,12.912,13.303,0.73785,0.12912,0.13303,fuel,9291.5,105.89,5823.8,turbulent (Gnielinski),6.3856,12.771,10.409,0.65353
4,10,2,30,100,1.5,38.737,0.15433,0.52471,13.551,77.474,73.785,12.912,13.303,0.73785,0.12912,0.13303,fuel,9291.5,105.89,5823.8,turbulent (Gnielinski),6.3856,12.771,10.409,1.3942
5,10,2,30,50,3.2,13.082,0.18519,0.62966,2.5741,32.704,38.934,5.4507,5.6156,0.77867,0.10901,0.11231,fuel,9291.5,105.89,5823.8,turbulent (Gnielinski),6.3856,12.771,10.409,0.27587
5,10,2,30,50,1.5,13.082,0.18519,0.62966,5.4913,32.704,38.934,5.4507,5.6156,0.77867,0.10901,0.11231,fuel,9291.5,105.89,5823.8,turbulent (Gnielinski),6.3856,12.771,10.409,0.58853
5,10,2,30,100,3.2,26.163,0.18519,0.62966,5.1481,65.409,77.867,10.901,11.231,0.77867,0.10901,0.11231,fuel,9291.5,105.89,5823.8,turbulent (Gnielinski),6.3856,12.771,10.409,0.55175
5,10,2,30,100,1.5,26.163,0.18519,0.62966,10.983,65.409,77.867,10.901,11.231,0.77867,0.10901,0.11231,fuel,9291.5,105.89,5823.8,turbulent (Gnielinski),6.3856,12.771,10.409,1.1771
6,10,2,30,50,3.2,9.4325,0.21368,0.72653,2.1415,28.297,40.425,4.7162,4.8589,0.8085,0.094325,0.097178,fuel,9291.5,105.89,5823.8,turbulent (Gnielinski),6.3856,12.771,10.409,0.2387
6,10,2,30,50,1.5,9.4325,0.21368,0.72653,4.5686,28.297,40.425,4.7162,4.8589,0.8085,0.094325,0.097178,fuel,9291.5,105.89,5823.8,turbulent (Gnielinski),6.3856,12.771,10.409,0.50923
6,10,2,30,100,3.2,18.865,0.21368,0.72653,4.2831,56.595,80.85,9.4325,9.7178,0.8085,0.094325,0.097178,fuel,9291.5,105.89,5823.8,turbulent (Gnielinski),6.3856,12.771,10.409,0.4774
6,10,2,30,100,1.5,18.865,0.21368,0.72653,9.1373,56.595,80.85,9.4325,9.7178,0.8085,0.094325,0.097178,fuel,9291.5,105.89,5823.8,turbulent (Gnielinski),6.3856,12.771,10.409,1.0185
8,10,2,30,50,3.2,5.5726,0.26456,0.89951,1.5664,22.29,42.458,3.715,3.8274,0.84915,0.074301,0.076548,fuel,9291.5,105.89,5823.8,turbulent (Gnielinski),6.3856,12.771,10.409,0.18803
8,10,2,30,50,1.5,5.5726,0.26456,0.89951,3.3417,22.29,42.458,3.715,3.8274,0.84915,0.074301,0.076548,fuel,9291.5,105.89,5823.8,turbulent (Gnielinski),6.3856,12.771,10.409,0.40112
8,10,2,30,100,3.2,11.145,0.26456,0.89951,3.1329,44.58,84.915,7.4301,7.6548,0.84915,0.074301,0.076548,fuel,9291.5,105.89,5823.8,turbulent (Gnielinski),6.3856,12.771,10.409,0.37605
8,10,2,30,100,1.5,11.145,0.26456,0.89951,6.6834,44.58,84.915,7.4301,7.6548,0.84915,0.074301,0.076548,fuel,9291.5,105.89,5823.8,turbulent (Gnielinski),6.3856,12.771,10.409,0.80225
10,10,2,30,50,3.2,3.6774,0.30866,1.0494,1.206,18.387,43.778,3.0645,3.1572,0.87557,0.06129,0.063144,fuel,9291.5,105.89,5823.8,turbulent (Gnielinski),6.3856,12.771,10.409,0.1551
10,10,2,30,50,1.5,3.6774,0.30866,1.0494,2.5728,18.387,43.778,3.0645,3.1572,0.87557,0.06129,0.063144,fuel,9291.5,105.89,5823.8,turbulent (Gnielinski),6.3856,12.771,10.409,0.33088
10,10,2,30,100,3.2,7.3548,0.30866,1.0494,2.412,36.774,87.557,6.129,6.3144,0.87557,0.06129,0.063144,fuel,9291.5,105.89,5823.8,turbulent (Gnielinski),6.3856,12.771,10.409,0.3102
10,10,2,30,100,1.5,7.3548,0.30866,1.0494,5.1455,36.774,87.557,6.129,6.3144,0.87557,0.06129,0.063144,fuel,9291.5,105.89,5823.8,turbulent (Gnielinski),6.3856,12.771,10.409,0.66177
1,10,2,15,50,3.2,134.56,0.044094,0.14992,6.3043,67.282,16.02,22.427,11.553,0.32039,0.44855,0.23106,graphite,9291.5,105.89,5823.8,turbulent (Gnielinski),6.3856,12.771,10.409,0.56755
1,10,2,15,50,1.5,134.56,0.044094,0.14992,13.449,67.282,16.02,22.427,11.553,0.32039,0.44855,0.23106,graphite,9291.5,105.89,5823.8,turbulent (Gnielinski),6.3856,12.771,10.409,1.2108
1,10,2,15,100,3.2,269.13,0.044094,0.14992,12.609,134.56,32.039,44.855,23.106,0.32039,0.44855,0.23106,graphite,9291.5,105.89,5823.8,turbulent (Gnielinski),6.3856,12.771,10.409,1.1351
1,10,2,15,100,1.5,269.13,0.044094,0.14992,26.898,134.56,32.039,44.855,23.106,0.32039,0.44855,0.23106,graphite,9291.5,105.89,5823.8,turbulent (Gnielinski),6.3856,12.771,10.409,2.4216
1.5,10,2,15,50,3.2,77.323,0.064602,0.21965,5.3074,57.992,20.712,19.331,9.9578,0.41423,0.38661,0.19916,fuel,9291.5,105.89,5823.8,turbulent (Gnielinski),6.3856,12.771,10.409,0.48919
1.5,10,2,15,50,1.5,77.323,0.064602,0.21965,11.323,57.992,20.712,19.331,9.9578,0.41423,0.38661,0.19916,fuel,9291.5,105.89,5823.8,turbulent (Gnielinski),6.3856,12.771,10.409,1.0436
1.5,10,2,15,100,3.2,154.65,0.064602,0.21965,10.615,115.98,41.423,38.661,19.916,0.41423,0.38661,0.19916,fuel,9291.5,105.89,5823.8,turbulent (Gnielinski),6.3856,12.771,10.409,0.97838
1.5,10,2,15,100,1.5,154.65,0.064602,0.21965,22.645,115.98,41.423,38.661,19.916,0.41423,0.38661,0.19916,fuel,9291.5,105.89,5823.8,turbulent (Gnielinski),6.3856,12.771,10.409,2.0872
2,10,2,15,50,3.2,50.956,0.084179,0.28621,4.5575,50.956,24.265,16.985,8.7496,0.4853,0.33971,0.17499,fuel,9291.5,105.89,5823.8,turbulent (Gnielinski),6.3856,12.771,10.409,0.42984
2,10,2,15,50,1.5,50.956,0.084179,0.28621,9.7227,50.956,24.265,16.985,8.7496,0.4853,0.33971,0.17499,fuel,9291.5,105.89,5823.8,turbulent (Gnielinski),6.3856,12.771,10.409,0.91699
2,10,2,15,100,3.2,101.91,0.084179,0.28621,9.1151,101.91,48.53,33.971,17.499,0.4853,0.33971,0.17499,fuel,9291.5,105.89,5823.8,turbulent (Gnielinski),6.3856,12.771,10.409,0.85968
2,10,2,15,100,1.5,101.91,0.084179,0.28621,19.445,101.91,48.53,33.971,17.499,0.4853,0.33971,0.17499,fuel,9291.5,105.89,5823.8,turbulent (Gnielinski),6.3856,12.771,10.409,1.834
3,10,2,15,50,3.2,27.337,0.12078,0.41065,3.5081,41.006,29.29,13.669,7.0411,0.5858,0.27337,0.14082,fuel,9291.5,105.89,5823.8,turbulent (Gnielinski),6.3856,12.771,10.409,0.3459
3,10,2,15,50,1.5,27.337,0.12078,0.41065,7.484,41.006,29.29,13.669,7.0411,0.5858,0.27337,0.14082,fuel,9291.5,105.89,5823.8,turbulent (Gnielinski),6.3856,12.771,10.409,0.73793
3,10,2,15,100,3.2,54.675,0.12078,0.41065,7.0163,82.012,58.58,27.337,14.082,0.5858,0.27337,0.14082,fuel,9291.5,105.89,5823.8,turbulent (Gnielinski),6.3856,12.771,10.409,0.69181
3,10,2,15,100,1.5,54.675,0.12078,0.41065,14.968,82.012,58.58,27.337,14.082,0.5858,0.27337,0.14082,fuel,9291.5,105.89,5823.8,turbulent (Gnielinski),6.3856,12.771,10.409,1.4759
4,10,2,15,50,3.2,17.154,0.15433,0.52471,2.8127,34.307,32.673,11.436,5.8908,0.65347,0.22871,0.11782,fuel,9291.5,105.89,5823.8,turbulent (Gnielinski),6.3856,12.771,10.409,0.2894
4,10,2,15,50,1.5,17.154,0.15433,0.52471,6.0005,34.307,32.673,11.436,5.8908,0.65347,0.22871,0.11782,fuel,9291.5,105.89,5823.8,turbulent (Gnielinski),6.3856,12.771,10.409,0.61738
4,10,2,15,100,3.2,34.307,0.15433,0.52471,5.6255,68.614,65.347,22.871,11.782,0.65347,0.22871,0.11782,fuel,9291.5,105.89,5823.8,turbulent (Gnielinski),6.3856,12.771,10.409,0.57879
4,10,2,15,100,1.5,34.307,0.15433,0.52471,12.001,68.614,65.347,22.871,11.782,0.65347,0.22871,0.11782,fuel,9291.5,105.89,5823.8,turbulent (Gnielinski),6.3856,12.771,10.409,1.2348
5,10,2,15,50,3.2,11.796,0.18519,0.62966,2.321,29.49,35.107,9.8298,5.0636,0.70213,0.1966,0.10127,fuel,9291.5,105.89,5823.8,turbulent (Gnielinski),6.3856,12.771,10.409,0.24876
5,10,2,15,50,1.5,11.796,0.18519,0.62966,4.9515,29.49,35.107,9.8298,5.0636,0.70213,0.1966,0.10127,fuel,9291.5,105.89,5823.8,turbulent (Gnielinski),6.3856,12.771,10.409,0.53068
5,10,2,15,100,3.2,23.592,0.18519,0.62966,4.6421,58.979,70.213,19.66,10.127,0.70213,0.1966,0.10127,fuel,9291.5,105.89,5823.8,turbulent (Gnielinski),6.3856,12.771,10.409,0.49751
5,10,2,15,100,1.5,23.592,0.18519,0.62966,9.9031,58.979,70.213,19.66,10.127,0.70213,0.1966,0.10127,fuel,9291.5,105.89,5823.8,turbulent (Gnielinski),6.3856,12.771,10.409,1.0614
6,10,2,15,50,3.2,8.6194,0.21368,0.72653,1.957,25.858,36.94,8.6194,4.4401,0.73881,0.17239,0.088802,fuel,9291.5,105.89,5823.8,turbulent (Gnielinski),6.3856,12.771,10.409,0.21813
6,10,2,15,50,1.5,8.6194,0.21368,0.72653,4.1748,25.858,36.94,8.6194,4.4401,0.73881,0.17239,0.088802,fuel,9291.5,105.89,5823.8,turbulent (Gnielinski),6.3856,12.771,10.409,0.46534
6,10,2,15,100,3.2,17.239,0.21368,0.72653,3.9139,51.717,73.881,17.239,8.8802,0.73881,0.17239,0.088802,fuel,9291.5,105.89,5823.8,turbulent (Gnielinski),6.3856,12.771,10.409,0.43625
6,10,2,15,100,1.5,17.239,0.21368,0.72653,8.3497,51.717,73.881,17.239,8.8802,0.73881,0.17239,0.088802,fuel,9291.5,105.89,5823.8,turbulent (Gnielinski),6.3856,12.771,10.409,0.93067
8,10,2,15,50,3.2,5.1871,0.26456,0.89951,1.4581,20.749,39.521,6.9162,3.5627,0.79042,0.13832,0.071254,fuel,9291.5,105.89,5823.8,turbulent (Gnielinski),6.3856,12.771,10.409,0.17502
8,10,2,15,50,1.5,5.1871,0.26456,0.89951,3.1106,20.749,39.521,6.9162,3.5627,0.79042,0.13832,0.071254,fuel,9291.5,105.89,5823.8,turbulent (Gnielinski),6.3856,12.771,10.409,0.37338
8,10,2,15,100,3.2,10.374,0.26456,0.89951,2.9162,41.497,79.042,13.832,7.1254,0.79042,0.13832,0.071254,fuel,9291.5,105.89,5823.8,turbulent (Gnielinski),6.3856,12.771,10.409,0.35005
8,10,2,15,100,1.5,10.374,0.26456,0.89951,6.2212,41.497,79.042,13.832,7.1254,0.79042,0.13832,0.071254,fuel,9291.5,105.89,5823.8,turbulent (Gnielinski),6.3856,12.771,10.409,0.74676
10,10,2,15,50,3.2,3.465,0.30866,1.0494,1.1363,17.325,41.25,5.775,2.9749,0.825,0.1155,0.059497,fuel,9291.5,105.89,5823.8,turbulent (Gnielinski),6.3856,12.771,10.409,0.14614
10,10,2,15,50,1.5,3.465,0.30866,1.0494,2.4242,17.325,41.25,5.775,2.9749,0.825,0.1155,0.059497,fuel,9291.5,105.89,5823.8,turbulent (Gnielinski),6.3856,12.771,10.409,0.31177
10,10,2,15,100,3.2,6.93,0.30866,1.0494,2.2727,34.65,82.5,11.55,5.9497,0.825,0.1155,0.059497,fuel,9291.5,105.89,5823.8,turbulent (Gnielinski),6.3856,12.771,10.409,0.29229
10,10,2,15,100,1.5,6.93,0.30866,1.0494,4.8484,34.65,82.5,11.55,5.9497,0.825,0.1155,0.059497,fuel,9291.5,105.89,5823.8,turbulent (Gnielinski),6.3856,12.771,10.409,0.62355
